target,test_dataset,document,real_value,pred_value
rename,DEF,d:/work24/souffle-lsp-plugin/gen_datasets/DEF/DEF_combined_100/DEF_combined_100.dl,0.6710333333333334,1.3062618758173528
rename,DEF,d:/work24/souffle-lsp-plugin/gen_datasets/DEF/DEF_combined_1000/DEF_combined_1000.dl,3.9988333333333332,4.480962188848731
rename,DEF,d:/work24/souffle-lsp-plugin/gen_datasets/DEF/DEF_combined_1100/DEF_combined_1100.dl,3.999833333333333,4.73644103060747
rename,DEF,d:/work24/souffle-lsp-plugin/gen_datasets/DEF/DEF_combined_1200/DEF_combined_1200.dl,4.332566666666667,4.84163820074342
rename,DEF,d:/work24/souffle-lsp-plugin/gen_datasets/DEF/DEF_combined_1300/DEF_combined_1300.dl,3.999375,4.931807203717092
rename,DEF,d:/work24/souffle-lsp-plugin/gen_datasets/DEF/DEF_combined_1400/DEF_combined_1400.dl,5.332466666666666,4.911769647500721
rename,DEF,d:/work24/souffle-lsp-plugin/gen_datasets/DEF/DEF_combined_1500/DEF_combined_1500.dl,7.334266666666667,6.468437296060091
rename,DEF,d:/work24/souffle-lsp-plugin/gen_datasets/DEF/DEF_combined_1600/DEF_combined_1600.dl,5.335933333333333,5.972507779704893
rename,DEF,d:/work24/souffle-lsp-plugin/gen_datasets/DEF/DEF_combined_1700/DEF_combined_1700.dl,7.332366666666666,6.9468339507259635
rename,DEF,d:/work24/souffle-lsp-plugin/gen_datasets/DEF/DEF_combined_1800/DEF_combined_1800.dl,7.000699999999999,6.765243597515095
rename,DEF,d:/work24/souffle-lsp-plugin/gen_datasets/DEF/DEF_combined_1900/DEF_combined_1900.dl,7.333366666666667,7.347585075053396
rename,DEF,d:/work24/souffle-lsp-plugin/gen_datasets/DEF/DEF_combined_200/DEF_combined_200.dl,1.3325,1.7070130001447852
rename,DEF,d:/work24/souffle-lsp-plugin/gen_datasets/DEF/DEF_combined_2000/DEF_combined_2000.dl,8.995333333333333,8.39705208188586
rename,DEF,d:/work24/souffle-lsp-plugin/gen_datasets/DEF/DEF_combined_2100/DEF_combined_2100.dl,9.666166666666667,8.686344299759725
rename,DEF,d:/work24/souffle-lsp-plugin/gen_datasets/DEF/DEF_combined_2200/DEF_combined_2200.dl,8.665899999999999,7.978768095869102
rename,DEF,d:/work24/souffle-lsp-plugin/gen_datasets/DEF/DEF_combined_2300/DEF_combined_2300.dl,9.665566666666667,9.361359474798745
rename,DEF,d:/work24/souffle-lsp-plugin/gen_datasets/DEF/DEF_combined_2400/DEF_combined_2400.dl,9.665766666666666,8.869187000234115
rename,DEF,d:/work24/souffle-lsp-plugin/gen_datasets/DEF/DEF_combined_2500/DEF_combined_2500.dl,9.332533333333332,8.949337225099603
rename,DEF,d:/work24/souffle-lsp-plugin/gen_datasets/DEF/DEF_combined_300/DEF_combined_300.dl,2.0002,2.0902312627828925
rename,DEF,d:/work24/souffle-lsp-plugin/gen_datasets/DEF/DEF_combined_400/DEF_combined_400.dl,2.331566666666667,2.5523474030229627
rename,DEF,d:/work24/souffle-lsp-plugin/gen_datasets/DEF/DEF_combined_500/DEF_combined_500.dl,2.0003333333333333,2.497244123427941
rename,DEF,d:/work24/souffle-lsp-plugin/gen_datasets/DEF/DEF_combined_600/DEF_combined_600.dl,2.331866666666667,2.728928367179738
rename,DEF,d:/work24/souffle-lsp-plugin/gen_datasets/DEF/DEF_combined_700/DEF_combined_700.dl,3.3336666666666672,3.573010422794392
rename,DEF,d:/work24/souffle-lsp-plugin/gen_datasets/DEF/DEF_combined_800/DEF_combined_800.dl,2.9966666666666666,3.510393059618231
rename,DEF,d:/work24/souffle-lsp-plugin/gen_datasets/DEF/DEF_combined_900/DEF_combined_900.dl,3.3340666666666667,3.975013894385348
rename,LOC,d:/work24/souffle-lsp-plugin/gen_datasets/LOC/LOC_combined_10000/LOC_combined_10000.dl,11.0,10.265554199062512
rename,LOC,d:/work24/souffle-lsp-plugin/gen_datasets/LOC/LOC_combined_1200/LOC_combined_1200.dl,1.6673333333333333,2.0514084976136724
rename,LOC,d:/work24/souffle-lsp-plugin/gen_datasets/LOC/LOC_combined_1600/LOC_combined_1600.dl,1.9993,2.3557288826498164
rename,LOC,d:/work24/souffle-lsp-plugin/gen_datasets/LOC/LOC_combined_2000/LOC_combined_2000.dl,2.3331,2.5686279174487647
rename,LOC,d:/work24/souffle-lsp-plugin/gen_datasets/LOC/LOC_combined_2400/LOC_combined_2400.dl,2.3332333333333333,2.993173639783138
rename,LOC,d:/work24/souffle-lsp-plugin/gen_datasets/LOC/LOC_combined_2800/LOC_combined_2800.dl,2.9991000000000003,3.4252334456986513
rename,LOC,d:/work24/souffle-lsp-plugin/gen_datasets/LOC/LOC_combined_3200/LOC_combined_3200.dl,3.6682333333333332,4.112772093372902
rename,LOC,d:/work24/souffle-lsp-plugin/gen_datasets/LOC/LOC_combined_3600/LOC_combined_3600.dl,3.6654666666666667,4.246773250569888
rename,LOC,d:/work24/souffle-lsp-plugin/gen_datasets/LOC/LOC_combined_400/LOC_combined_400.dl,0.6665333333333333,1.2348780817965288
rename,LOC,d:/work24/souffle-lsp-plugin/gen_datasets/LOC/LOC_combined_4000/LOC_combined_4000.dl,4.3335,4.5323084266531835
rename,LOC,d:/work24/souffle-lsp-plugin/gen_datasets/LOC/LOC_combined_4400/LOC_combined_4400.dl,4.998433333333334,5.212332990746296
rename,LOC,d:/work24/souffle-lsp-plugin/gen_datasets/LOC/LOC_combined_4800/LOC_combined_4800.dl,5.6662333333333335,5.717028937946155
rename,LOC,d:/work24/souffle-lsp-plugin/gen_datasets/LOC/LOC_combined_5200/LOC_combined_5200.dl,6.6662333333333335,6.293108679166839
rename,LOC,d:/work24/souffle-lsp-plugin/gen_datasets/LOC/LOC_combined_5600/LOC_combined_5600.dl,6.3318666666666665,6.13030353490882
rename,LOC,d:/work24/souffle-lsp-plugin/gen_datasets/LOC/LOC_combined_6000/LOC_combined_6000.dl,6.995933333333333,6.970628548732905
rename,LOC,d:/work24/souffle-lsp-plugin/gen_datasets/LOC/LOC_combined_6400/LOC_combined_6400.dl,8.333066666666667,7.289977100931328
rename,LOC,d:/work24/souffle-lsp-plugin/gen_datasets/LOC/LOC_combined_6800/LOC_combined_6800.dl,7.662366666666666,7.676952405360004
rename,LOC,d:/work24/souffle-lsp-plugin/gen_datasets/LOC/LOC_combined_7200/LOC_combined_7200.dl,8.664733333333334,8.166620185397587
rename,LOC,d:/work24/souffle-lsp-plugin/gen_datasets/LOC/LOC_combined_7600/LOC_combined_7600.dl,7.665933333333332,7.455286939716394
rename,LOC,d:/work24/souffle-lsp-plugin/gen_datasets/LOC/LOC_combined_800/LOC_combined_800.dl,0.6672333333333333,1.5730118429478
rename,LOC,d:/work24/souffle-lsp-plugin/gen_datasets/LOC/LOC_combined_8000/LOC_combined_8000.dl,10.332866666666666,9.0570390897626
rename,LOC,d:/work24/souffle-lsp-plugin/gen_datasets/LOC/LOC_combined_8400/LOC_combined_8400.dl,9.999033333333335,9.466556644934697
rename,LOC,d:/work24/souffle-lsp-plugin/gen_datasets/LOC/LOC_combined_8800/LOC_combined_8800.dl,9.3336,9.08459072956011
rename,LOC,d:/work24/souffle-lsp-plugin/gen_datasets/LOC/LOC_combined_9200/LOC_combined_9200.dl,11.333233333333332,10.735184422883723
rename,LOC,d:/work24/souffle-lsp-plugin/gen_datasets/LOC/LOC_combined_9600/LOC_combined_9600.dl,10.332266666666667,10.284339408015361
rename,NOD,d:/work24/souffle-lsp-plugin/gen_datasets/NOD/NOD_combined_10000/NOD_combined_10000.dl,0.6673333333333332,1.2436445126411915
rename,NOD,d:/work24/souffle-lsp-plugin/gen_datasets/NOD/NOD_combined_100000/NOD_combined_100000.dl,3.9993,4.422101867463139
rename,NOD,d:/work24/souffle-lsp-plugin/gen_datasets/NOD/NOD_combined_110000/NOD_combined_110000.dl,5.665733333333333,5.142201543988995
rename,NOD,d:/work24/souffle-lsp-plugin/gen_datasets/NOD/NOD_combined_120000/NOD_combined_120000.dl,5.332633333333333,5.888600513048837
rename,NOD,d:/work24/souffle-lsp-plugin/gen_datasets/NOD/NOD_combined_130000/NOD_combined_130000.dl,4.668633333333333,5.408951511119442
rename,NOD,d:/work24/souffle-lsp-plugin/gen_datasets/NOD/NOD_combined_140000/NOD_combined_140000.dl,5.996700000000001,6.4909795468035085
rename,NOD,d:/work24/souffle-lsp-plugin/gen_datasets/NOD/NOD_combined_150000/NOD_combined_150000.dl,6.665166666666667,5.972507779704893
rename,NOD,d:/work24/souffle-lsp-plugin/gen_datasets/NOD/NOD_combined_160000/NOD_combined_160000.dl,6.998133333333333,6.740196652244631
rename,NOD,d:/work24/souffle-lsp-plugin/gen_datasets/NOD/NOD_combined_170000/NOD_combined_170000.dl,7.666566666666667,7.373884367587383
rename,NOD,d:/work24/souffle-lsp-plugin/gen_datasets/NOD/NOD_combined_180000/NOD_combined_180000.dl,6.997800000000001,7.262425461133817
rename,NOD,d:/work24/souffle-lsp-plugin/gen_datasets/NOD/NOD_combined_190000/NOD_combined_190000.dl,6.662999999999999,6.974385590523475
rename,NOD,d:/work24/souffle-lsp-plugin/gen_datasets/NOD/NOD_combined_20000/NOD_combined_20000.dl,1.3322666666666667,1.5717594956842766
rename,NOD,d:/work24/souffle-lsp-plugin/gen_datasets/NOD/NOD_combined_200000/NOD_combined_200000.dl,7.9982,8.192919477931575
rename,NOD,d:/work24/souffle-lsp-plugin/gen_datasets/NOD/NOD_combined_210000/NOD_combined_210000.dl,8.3339,7.9624875814433
rename,NOD,d:/work24/souffle-lsp-plugin/gen_datasets/NOD/NOD_combined_220000/NOD_combined_220000.dl,9.669133333333333,9.024478060910997
rename,NOD,d:/work24/souffle-lsp-plugin/gen_datasets/NOD/NOD_combined_230000/NOD_combined_230000.dl,8.999366666666667,9.005692851958148
rename,NOD,d:/work24/souffle-lsp-plugin/gen_datasets/NOD/NOD_combined_240000/NOD_combined_240000.dl,9.668033333333334,9.366368863852836
rename,NOD,d:/work24/souffle-lsp-plugin/gen_datasets/NOD/NOD_combined_250000/NOD_combined_250000.dl,9.998233333333333,9.259919346453364
rename,NOD,d:/work24/souffle-lsp-plugin/gen_datasets/NOD/NOD_combined_30000/NOD_combined_30000.dl,0.6667,1.7157794309894476
rename,NOD,d:/work24/souffle-lsp-plugin/gen_datasets/NOD/NOD_combined_40000/NOD_combined_40000.dl,1.9979000000000002,2.246774670723296
rename,NOD,d:/work24/souffle-lsp-plugin/gen_datasets/NOD/NOD_combined_50000/NOD_combined_50000.dl,2.3367333333333336,2.452159621941105
rename,NOD,d:/work24/souffle-lsp-plugin/gen_datasets/NOD/NOD_combined_60000/NOD_combined_60000.dl,2.6648,3.267437690494725
rename,NOD,d:/work24/souffle-lsp-plugin/gen_datasets/NOD/NOD_combined_70000/NOD_combined_70000.dl,3.3334333333333332,3.6080761461730426
rename,NOD,d:/work24/souffle-lsp-plugin/gen_datasets/NOD/NOD_combined_80000/NOD_combined_80000.dl,4.0005999999999995,4.245520903306364
rename,NOD,d:/work24/souffle-lsp-plugin/gen_datasets/NOD/NOD_combined_90000/NOD_combined_90000.dl,3.665566666666667,3.6869740237750057
rename,OCC,d:/work24/souffle-lsp-plugin/gen_datasets/OCC/OCC_combined_10400/OCC_combined_10400.dl,6.665466666666667,6.511017103019881
rename,OCC,d:/work24/souffle-lsp-plugin/gen_datasets/OCC/OCC_combined_11200/OCC_combined_11200.dl,6.331566666666667,6.6299900930545865
rename,OCC,d:/work24/souffle-lsp-plugin/gen_datasets/OCC/OCC_combined_12000/OCC_combined_12000.dl,8.000166666666667,7.335061602418164
rename,OCC,d:/work24/souffle-lsp-plugin/gen_datasets/OCC/OCC_combined_12800/OCC_combined_12800.dl,7.999866666666667,7.534184817318357
rename,OCC,d:/work24/souffle-lsp-plugin/gen_datasets/OCC/OCC_combined_13600/OCC_combined_13600.dl,8.332033333333333,7.650653112826016
rename,OCC,d:/work24/souffle-lsp-plugin/gen_datasets/OCC/OCC_combined_14400/OCC_combined_14400.dl,8.331833333333334,8.147834976444738
rename,OCC,d:/work24/souffle-lsp-plugin/gen_datasets/OCC/OCC_combined_15200/OCC_combined_15200.dl,9.332733333333332,8.65002622911755
rename,OCC,d:/work24/souffle-lsp-plugin/gen_datasets/OCC/OCC_combined_1600/OCC_combined_1600.dl,1.3336666666666668,1.6393862479145311
rename,OCC,d:/work24/souffle-lsp-plugin/gen_datasets/OCC/OCC_combined_16000/OCC_combined_16000.dl,9.332466666666667,9.120908800202283
rename,OCC,d:/work24/souffle-lsp-plugin/gen_datasets/OCC/OCC_combined_16800/OCC_combined_16800.dl,10.6657,9.917401659803055
rename,OCC,d:/work24/souffle-lsp-plugin/gen_datasets/OCC/OCC_combined_17600/OCC_combined_17600.dl,10.333433333333334,10.298115227914119
rename,OCC,d:/work24/souffle-lsp-plugin/gen_datasets/OCC/OCC_combined_18400/OCC_combined_18400.dl,11.3327,10.90800834524993
rename,OCC,d:/work24/souffle-lsp-plugin/gen_datasets/OCC/OCC_combined_19200/OCC_combined_19200.dl,11.665133333333335,11.176010659643897
rename,OCC,d:/work24/souffle-lsp-plugin/gen_datasets/OCC/OCC_combined_20000/OCC_combined_20000.dl,11.332366666666667,11.19980525765084
rename,OCC,d:/work24/souffle-lsp-plugin/gen_datasets/OCC/OCC_combined_2400/OCC_combined_2400.dl,1.334666666666667,2.0138380797079756
rename,OCC,d:/work24/souffle-lsp-plugin/gen_datasets/OCC/OCC_combined_3200/OCC_combined_3200.dl,2.3324333333333334,2.531057499543068
rename,OCC,d:/work24/souffle-lsp-plugin/gen_datasets/OCC/OCC_combined_4000/OCC_combined_4000.dl,2.6692,3.0269870158982655
rename,OCC,d:/work24/souffle-lsp-plugin/gen_datasets/OCC/OCC_combined_4800/OCC_combined_4800.dl,2.330766666666667,3.2686900377582484
rename,OCC,d:/work24/souffle-lsp-plugin/gen_datasets/OCC/OCC_combined_5600/OCC_combined_5600.dl,3.666733333333333,4.176641803812587
rename,OCC,d:/work24/souffle-lsp-plugin/gen_datasets/OCC/OCC_combined_6400/OCC_combined_6400.dl,4.001033333333334,4.146585469488031
rename,OCC,d:/work24/souffle-lsp-plugin/gen_datasets/OCC/OCC_combined_7200/OCC_combined_7200.dl,3.672866666666667,4.695113570911203
rename,OCC,d:/work24/souffle-lsp-plugin/gen_datasets/OCC/OCC_combined_800/OCC_combined_800.dl,0.6671999999999999,1.3613651554123747
rename,OCC,d:/work24/souffle-lsp-plugin/gen_datasets/OCC/OCC_combined_8000/OCC_combined_8000.dl,5.3318,5.321287202672816
rename,OCC,d:/work24/souffle-lsp-plugin/gen_datasets/OCC/OCC_combined_8800/OCC_combined_8800.dl,5.332166666666667,5.583027780749171
rename,OCC,d:/work24/souffle-lsp-plugin/gen_datasets/OCC/OCC_combined_9600/OCC_combined_9600.dl,6.332666666666667,6.425857489100301
rename,ALL,d:/work24/souffle-lsp-plugin/gen_datasets/LOC/LOC_combined_10000/LOC_combined_10000.dl,11.0,10.265554199062512
rename,ALL,d:/work24/souffle-lsp-plugin/gen_datasets/LOC/LOC_combined_1200/LOC_combined_1200.dl,1.6673333333333333,2.0514084976136724
rename,ALL,d:/work24/souffle-lsp-plugin/gen_datasets/LOC/LOC_combined_1600/LOC_combined_1600.dl,1.9993,2.3557288826498164
rename,ALL,d:/work24/souffle-lsp-plugin/gen_datasets/LOC/LOC_combined_2000/LOC_combined_2000.dl,2.3331,2.5686279174487647
rename,ALL,d:/work24/souffle-lsp-plugin/gen_datasets/LOC/LOC_combined_2400/LOC_combined_2400.dl,2.3332333333333333,2.993173639783138
rename,ALL,d:/work24/souffle-lsp-plugin/gen_datasets/LOC/LOC_combined_2800/LOC_combined_2800.dl,2.9991000000000003,3.4252334456986513
rename,ALL,d:/work24/souffle-lsp-plugin/gen_datasets/LOC/LOC_combined_3200/LOC_combined_3200.dl,3.6682333333333332,4.112772093372902
rename,ALL,d:/work24/souffle-lsp-plugin/gen_datasets/LOC/LOC_combined_3600/LOC_combined_3600.dl,3.6654666666666667,4.246773250569888
rename,ALL,d:/work24/souffle-lsp-plugin/gen_datasets/LOC/LOC_combined_400/LOC_combined_400.dl,0.6665333333333333,1.2348780817965288
rename,ALL,d:/work24/souffle-lsp-plugin/gen_datasets/LOC/LOC_combined_4000/LOC_combined_4000.dl,4.3335,4.5323084266531835
rename,ALL,d:/work24/souffle-lsp-plugin/gen_datasets/LOC/LOC_combined_4400/LOC_combined_4400.dl,4.998433333333334,5.212332990746296
rename,ALL,d:/work24/souffle-lsp-plugin/gen_datasets/LOC/LOC_combined_4800/LOC_combined_4800.dl,5.6662333333333335,5.717028937946155
rename,ALL,d:/work24/souffle-lsp-plugin/gen_datasets/LOC/LOC_combined_5200/LOC_combined_5200.dl,6.6662333333333335,6.293108679166839
rename,ALL,d:/work24/souffle-lsp-plugin/gen_datasets/LOC/LOC_combined_5600/LOC_combined_5600.dl,6.3318666666666665,6.13030353490882
rename,ALL,d:/work24/souffle-lsp-plugin/gen_datasets/LOC/LOC_combined_6000/LOC_combined_6000.dl,6.995933333333333,6.970628548732905
rename,ALL,d:/work24/souffle-lsp-plugin/gen_datasets/LOC/LOC_combined_6400/LOC_combined_6400.dl,8.333066666666667,7.289977100931328
rename,ALL,d:/work24/souffle-lsp-plugin/gen_datasets/LOC/LOC_combined_6800/LOC_combined_6800.dl,7.662366666666666,7.676952405360004
rename,ALL,d:/work24/souffle-lsp-plugin/gen_datasets/LOC/LOC_combined_7200/LOC_combined_7200.dl,8.664733333333334,8.166620185397587
rename,ALL,d:/work24/souffle-lsp-plugin/gen_datasets/LOC/LOC_combined_7600/LOC_combined_7600.dl,7.665933333333332,7.455286939716394
rename,ALL,d:/work24/souffle-lsp-plugin/gen_datasets/LOC/LOC_combined_800/LOC_combined_800.dl,0.6672333333333333,1.5730118429478
rename,ALL,d:/work24/souffle-lsp-plugin/gen_datasets/LOC/LOC_combined_8000/LOC_combined_8000.dl,10.332866666666666,9.0570390897626
rename,ALL,d:/work24/souffle-lsp-plugin/gen_datasets/LOC/LOC_combined_8400/LOC_combined_8400.dl,9.999033333333335,9.466556644934697
rename,ALL,d:/work24/souffle-lsp-plugin/gen_datasets/LOC/LOC_combined_8800/LOC_combined_8800.dl,9.3336,9.08459072956011
rename,ALL,d:/work24/souffle-lsp-plugin/gen_datasets/LOC/LOC_combined_9200/LOC_combined_9200.dl,11.333233333333332,10.735184422883723
rename,ALL,d:/work24/souffle-lsp-plugin/gen_datasets/LOC/LOC_combined_9600/LOC_combined_9600.dl,10.332266666666667,10.284339408015361
rename,ALL,d:/work24/souffle-lsp-plugin/gen_datasets/NOD/NOD_combined_10000/NOD_combined_10000.dl,0.6673333333333332,1.2436445126411915
rename,ALL,d:/work24/souffle-lsp-plugin/gen_datasets/NOD/NOD_combined_100000/NOD_combined_100000.dl,3.9993,4.422101867463139
rename,ALL,d:/work24/souffle-lsp-plugin/gen_datasets/NOD/NOD_combined_110000/NOD_combined_110000.dl,5.665733333333333,5.142201543988995
rename,ALL,d:/work24/souffle-lsp-plugin/gen_datasets/NOD/NOD_combined_120000/NOD_combined_120000.dl,5.332633333333333,5.888600513048837
rename,ALL,d:/work24/souffle-lsp-plugin/gen_datasets/NOD/NOD_combined_130000/NOD_combined_130000.dl,4.668633333333333,5.408951511119442
rename,ALL,d:/work24/souffle-lsp-plugin/gen_datasets/NOD/NOD_combined_140000/NOD_combined_140000.dl,5.996700000000001,6.4909795468035085
rename,ALL,d:/work24/souffle-lsp-plugin/gen_datasets/NOD/NOD_combined_150000/NOD_combined_150000.dl,6.665166666666667,5.972507779704893
rename,ALL,d:/work24/souffle-lsp-plugin/gen_datasets/NOD/NOD_combined_160000/NOD_combined_160000.dl,6.998133333333333,6.740196652244631
rename,ALL,d:/work24/souffle-lsp-plugin/gen_datasets/NOD/NOD_combined_170000/NOD_combined_170000.dl,7.666566666666667,7.373884367587383
rename,ALL,d:/work24/souffle-lsp-plugin/gen_datasets/NOD/NOD_combined_180000/NOD_combined_180000.dl,6.997800000000001,7.262425461133817
rename,ALL,d:/work24/souffle-lsp-plugin/gen_datasets/NOD/NOD_combined_190000/NOD_combined_190000.dl,6.662999999999999,6.974385590523475
rename,ALL,d:/work24/souffle-lsp-plugin/gen_datasets/NOD/NOD_combined_20000/NOD_combined_20000.dl,1.3322666666666667,1.5717594956842766
rename,ALL,d:/work24/souffle-lsp-plugin/gen_datasets/NOD/NOD_combined_200000/NOD_combined_200000.dl,7.9982,8.192919477931575
rename,ALL,d:/work24/souffle-lsp-plugin/gen_datasets/NOD/NOD_combined_210000/NOD_combined_210000.dl,8.3339,7.9624875814433
rename,ALL,d:/work24/souffle-lsp-plugin/gen_datasets/NOD/NOD_combined_220000/NOD_combined_220000.dl,9.669133333333333,9.024478060910997
rename,ALL,d:/work24/souffle-lsp-plugin/gen_datasets/NOD/NOD_combined_230000/NOD_combined_230000.dl,8.999366666666667,9.005692851958148
rename,ALL,d:/work24/souffle-lsp-plugin/gen_datasets/NOD/NOD_combined_240000/NOD_combined_240000.dl,9.668033333333334,9.366368863852836
rename,ALL,d:/work24/souffle-lsp-plugin/gen_datasets/NOD/NOD_combined_250000/NOD_combined_250000.dl,9.998233333333333,9.259919346453364
rename,ALL,d:/work24/souffle-lsp-plugin/gen_datasets/NOD/NOD_combined_30000/NOD_combined_30000.dl,0.6667,1.7157794309894476
rename,ALL,d:/work24/souffle-lsp-plugin/gen_datasets/NOD/NOD_combined_40000/NOD_combined_40000.dl,1.9979000000000002,2.246774670723296
rename,ALL,d:/work24/souffle-lsp-plugin/gen_datasets/NOD/NOD_combined_50000/NOD_combined_50000.dl,2.3367333333333336,2.452159621941105
rename,ALL,d:/work24/souffle-lsp-plugin/gen_datasets/NOD/NOD_combined_60000/NOD_combined_60000.dl,2.6648,3.267437690494725
rename,ALL,d:/work24/souffle-lsp-plugin/gen_datasets/NOD/NOD_combined_70000/NOD_combined_70000.dl,3.3334333333333332,3.6080761461730426
rename,ALL,d:/work24/souffle-lsp-plugin/gen_datasets/NOD/NOD_combined_80000/NOD_combined_80000.dl,4.0005999999999995,4.245520903306364
rename,ALL,d:/work24/souffle-lsp-plugin/gen_datasets/NOD/NOD_combined_90000/NOD_combined_90000.dl,3.665566666666667,3.6869740237750057
rename,ALL,d:/work24/souffle-lsp-plugin/gen_datasets/OCC/OCC_combined_10400/OCC_combined_10400.dl,6.665466666666667,6.511017103019881
rename,ALL,d:/work24/souffle-lsp-plugin/gen_datasets/OCC/OCC_combined_11200/OCC_combined_11200.dl,6.331566666666667,6.6299900930545865
rename,ALL,d:/work24/souffle-lsp-plugin/gen_datasets/OCC/OCC_combined_12000/OCC_combined_12000.dl,8.000166666666667,7.335061602418164
rename,ALL,d:/work24/souffle-lsp-plugin/gen_datasets/OCC/OCC_combined_12800/OCC_combined_12800.dl,7.999866666666667,7.534184817318357
rename,ALL,d:/work24/souffle-lsp-plugin/gen_datasets/OCC/OCC_combined_13600/OCC_combined_13600.dl,8.332033333333333,7.650653112826016
rename,ALL,d:/work24/souffle-lsp-plugin/gen_datasets/OCC/OCC_combined_14400/OCC_combined_14400.dl,8.331833333333334,8.147834976444738
rename,ALL,d:/work24/souffle-lsp-plugin/gen_datasets/OCC/OCC_combined_15200/OCC_combined_15200.dl,9.332733333333332,8.65002622911755
rename,ALL,d:/work24/souffle-lsp-plugin/gen_datasets/OCC/OCC_combined_1600/OCC_combined_1600.dl,1.3336666666666668,1.6393862479145311
rename,ALL,d:/work24/souffle-lsp-plugin/gen_datasets/OCC/OCC_combined_16000/OCC_combined_16000.dl,9.332466666666667,9.120908800202283
rename,ALL,d:/work24/souffle-lsp-plugin/gen_datasets/OCC/OCC_combined_16800/OCC_combined_16800.dl,10.6657,9.917401659803055
rename,ALL,d:/work24/souffle-lsp-plugin/gen_datasets/OCC/OCC_combined_17600/OCC_combined_17600.dl,10.333433333333334,10.298115227914119
rename,ALL,d:/work24/souffle-lsp-plugin/gen_datasets/OCC/OCC_combined_18400/OCC_combined_18400.dl,11.3327,10.90800834524993
rename,ALL,d:/work24/souffle-lsp-plugin/gen_datasets/OCC/OCC_combined_19200/OCC_combined_19200.dl,11.665133333333335,11.176010659643897
rename,ALL,d:/work24/souffle-lsp-plugin/gen_datasets/OCC/OCC_combined_20000/OCC_combined_20000.dl,11.332366666666667,11.19980525765084
rename,ALL,d:/work24/souffle-lsp-plugin/gen_datasets/OCC/OCC_combined_2400/OCC_combined_2400.dl,1.334666666666667,2.0138380797079756
rename,ALL,d:/work24/souffle-lsp-plugin/gen_datasets/OCC/OCC_combined_3200/OCC_combined_3200.dl,2.3324333333333334,2.531057499543068
rename,ALL,d:/work24/souffle-lsp-plugin/gen_datasets/OCC/OCC_combined_4000/OCC_combined_4000.dl,2.6692,3.0269870158982655
rename,ALL,d:/work24/souffle-lsp-plugin/gen_datasets/OCC/OCC_combined_4800/OCC_combined_4800.dl,2.330766666666667,3.2686900377582484
rename,ALL,d:/work24/souffle-lsp-plugin/gen_datasets/OCC/OCC_combined_5600/OCC_combined_5600.dl,3.666733333333333,4.176641803812587
rename,ALL,d:/work24/souffle-lsp-plugin/gen_datasets/OCC/OCC_combined_6400/OCC_combined_6400.dl,4.001033333333334,4.146585469488031
rename,ALL,d:/work24/souffle-lsp-plugin/gen_datasets/OCC/OCC_combined_7200/OCC_combined_7200.dl,3.672866666666667,4.695113570911203
rename,ALL,d:/work24/souffle-lsp-plugin/gen_datasets/OCC/OCC_combined_800/OCC_combined_800.dl,0.6671999999999999,1.3613651554123747
rename,ALL,d:/work24/souffle-lsp-plugin/gen_datasets/OCC/OCC_combined_8000/OCC_combined_8000.dl,5.3318,5.321287202672816
rename,ALL,d:/work24/souffle-lsp-plugin/gen_datasets/OCC/OCC_combined_8800/OCC_combined_8800.dl,5.332166666666667,5.583027780749171
rename,ALL,d:/work24/souffle-lsp-plugin/gen_datasets/OCC/OCC_combined_9600/OCC_combined_9600.dl,6.332666666666667,6.425857489100301
rename,ALL,d:/work24/souffle-lsp-plugin/gen_datasets/DEF/DEF_combined_100/DEF_combined_100.dl,0.6710333333333334,1.3062618758173528
rename,ALL,d:/work24/souffle-lsp-plugin/gen_datasets/DEF/DEF_combined_1000/DEF_combined_1000.dl,3.9988333333333332,4.480962188848731
rename,ALL,d:/work24/souffle-lsp-plugin/gen_datasets/DEF/DEF_combined_1100/DEF_combined_1100.dl,3.999833333333333,4.73644103060747
rename,ALL,d:/work24/souffle-lsp-plugin/gen_datasets/DEF/DEF_combined_1200/DEF_combined_1200.dl,4.332566666666667,4.84163820074342
rename,ALL,d:/work24/souffle-lsp-plugin/gen_datasets/DEF/DEF_combined_1300/DEF_combined_1300.dl,3.999375,4.931807203717092
rename,ALL,d:/work24/souffle-lsp-plugin/gen_datasets/DEF/DEF_combined_1400/DEF_combined_1400.dl,5.332466666666666,4.911769647500721
rename,ALL,d:/work24/souffle-lsp-plugin/gen_datasets/DEF/DEF_combined_1500/DEF_combined_1500.dl,7.334266666666667,6.468437296060091
rename,ALL,d:/work24/souffle-lsp-plugin/gen_datasets/DEF/DEF_combined_1600/DEF_combined_1600.dl,5.335933333333333,5.972507779704893
rename,ALL,d:/work24/souffle-lsp-plugin/gen_datasets/DEF/DEF_combined_1700/DEF_combined_1700.dl,7.332366666666666,6.9468339507259635
rename,ALL,d:/work24/souffle-lsp-plugin/gen_datasets/DEF/DEF_combined_1800/DEF_combined_1800.dl,7.000699999999999,6.765243597515095
rename,ALL,d:/work24/souffle-lsp-plugin/gen_datasets/DEF/DEF_combined_1900/DEF_combined_1900.dl,7.333366666666667,7.347585075053396
rename,ALL,d:/work24/souffle-lsp-plugin/gen_datasets/DEF/DEF_combined_200/DEF_combined_200.dl,1.3325,1.7070130001447852
rename,ALL,d:/work24/souffle-lsp-plugin/gen_datasets/DEF/DEF_combined_2000/DEF_combined_2000.dl,8.995333333333333,8.39705208188586
rename,ALL,d:/work24/souffle-lsp-plugin/gen_datasets/DEF/DEF_combined_2100/DEF_combined_2100.dl,9.666166666666667,8.686344299759725
rename,ALL,d:/work24/souffle-lsp-plugin/gen_datasets/DEF/DEF_combined_2200/DEF_combined_2200.dl,8.665899999999999,7.978768095869102
rename,ALL,d:/work24/souffle-lsp-plugin/gen_datasets/DEF/DEF_combined_2300/DEF_combined_2300.dl,9.665566666666667,9.361359474798745
rename,ALL,d:/work24/souffle-lsp-plugin/gen_datasets/DEF/DEF_combined_2400/DEF_combined_2400.dl,9.665766666666666,8.869187000234115
rename,ALL,d:/work24/souffle-lsp-plugin/gen_datasets/DEF/DEF_combined_2500/DEF_combined_2500.dl,9.332533333333332,8.949337225099603
rename,ALL,d:/work24/souffle-lsp-plugin/gen_datasets/DEF/DEF_combined_300/DEF_combined_300.dl,2.0002,2.0902312627828925
rename,ALL,d:/work24/souffle-lsp-plugin/gen_datasets/DEF/DEF_combined_400/DEF_combined_400.dl,2.331566666666667,2.5523474030229627
rename,ALL,d:/work24/souffle-lsp-plugin/gen_datasets/DEF/DEF_combined_500/DEF_combined_500.dl,2.0003333333333333,2.497244123427941
rename,ALL,d:/work24/souffle-lsp-plugin/gen_datasets/DEF/DEF_combined_600/DEF_combined_600.dl,2.331866666666667,2.728928367179738
rename,ALL,d:/work24/souffle-lsp-plugin/gen_datasets/DEF/DEF_combined_700/DEF_combined_700.dl,3.3336666666666672,3.573010422794392
rename,ALL,d:/work24/souffle-lsp-plugin/gen_datasets/DEF/DEF_combined_800/DEF_combined_800.dl,2.9966666666666666,3.510393059618231
rename,ALL,d:/work24/souffle-lsp-plugin/gen_datasets/DEF/DEF_combined_900/DEF_combined_900.dl,3.3340666666666667,3.975013894385348
completion,DEF,d:/work24/souffle-lsp-plugin/gen_datasets/DEF/DEF_combined_100/DEF_combined_100.dl,16.0004,24.789686795045128
completion,DEF,d:/work24/souffle-lsp-plugin/gen_datasets/DEF/DEF_combined_1000/DEF_combined_1000.dl,79.9959,85.51632683730153
completion,DEF,d:/work24/souffle-lsp-plugin/gen_datasets/DEF/DEF_combined_1100/DEF_combined_1100.dl,86.14229999999999,89.0361579928834
completion,DEF,d:/work24/souffle-lsp-plugin/gen_datasets/DEF/DEF_combined_1200/DEF_combined_1200.dl,92.66656666666667,98.58404202826033
completion,DEF,d:/work24/souffle-lsp-plugin/gen_datasets/DEF/DEF_combined_1300/DEF_combined_1300.dl,95.87676666666668,86.96949992818216
completion,DEF,d:/work24/souffle-lsp-plugin/gen_datasets/DEF/DEF_combined_1400/DEF_combined_1400.dl,74.0061,85.99724062999968
completion,DEF,d:/work24/souffle-lsp-plugin/gen_datasets/DEF/DEF_combined_1500/DEF_combined_1500.dl,123.41486666666667,120.57207013847336
completion,DEF,d:/work24/souffle-lsp-plugin/gen_datasets/DEF/DEF_combined_1600/DEF_combined_1600.dl,99.9439,114.16424203100962
completion,DEF,d:/work24/souffle-lsp-plugin/gen_datasets/DEF/DEF_combined_1700/DEF_combined_1700.dl,142.4648,148.61225396231663
completion,DEF,d:/work24/souffle-lsp-plugin/gen_datasets/DEF/DEF_combined_1800/DEF_combined_1800.dl,121.33116666666668,119.68888676727826
completion,DEF,d:/work24/souffle-lsp-plugin/gen_datasets/DEF/DEF_combined_1900/DEF_combined_1900.dl,134.99980000000002,143.2378035692586
completion,DEF,d:/work24/souffle-lsp-plugin/gen_datasets/DEF/DEF_combined_200/DEF_combined_200.dl,29.999200000000002,36.42083021762775
completion,DEF,d:/work24/souffle-lsp-plugin/gen_datasets/DEF/DEF_combined_2000/DEF_combined_2000.dl,171.00986666666668,187.54485667578817
completion,DEF,d:/work24/souffle-lsp-plugin/gen_datasets/DEF/DEF_combined_2100/DEF_combined_2100.dl,153.67003333333335,169.48258655341007
completion,DEF,d:/work24/souffle-lsp-plugin/gen_datasets/DEF/DEF_combined_2200/DEF_combined_2200.dl,140.6726,148.162714680004
completion,DEF,d:/work24/souffle-lsp-plugin/gen_datasets/DEF/DEF_combined_2300/DEF_combined_2300.dl,174.67176666666668,198.68437899600136
completion,DEF,d:/work24/souffle-lsp-plugin/gen_datasets/DEF/DEF_combined_2400/DEF_combined_2400.dl,177.941,182.25859947379382
completion,DEF,d:/work24/souffle-lsp-plugin/gen_datasets/DEF/DEF_combined_2500/DEF_combined_2500.dl,153.99966666666666,157.50183442536363
completion,DEF,d:/work24/souffle-lsp-plugin/gen_datasets/DEF/DEF_combined_300/DEF_combined_300.dl,33.684133333333335,39.00527378288146
completion,DEF,d:/work24/souffle-lsp-plugin/gen_datasets/DEF/DEF_combined_400/DEF_combined_400.dl,48.333133333333336,53.846930523496866
completion,DEF,d:/work24/souffle-lsp-plugin/gen_datasets/DEF/DEF_combined_500/DEF_combined_500.dl,37.99713333333333,40.08731349814957
completion,DEF,d:/work24/souffle-lsp-plugin/gen_datasets/DEF/DEF_combined_600/DEF_combined_600.dl,40.66656666666666,49.983867237089974
completion,DEF,d:/work24/souffle-lsp-plugin/gen_datasets/DEF/DEF_combined_700/DEF_combined_700.dl,74.99856666666666,81.14946325597491
completion,DEF,d:/work24/souffle-lsp-plugin/gen_datasets/DEF/DEF_combined_800/DEF_combined_800.dl,63.334366666666675,67.48488219197783
completion,DEF,d:/work24/souffle-lsp-plugin/gen_datasets/DEF/DEF_combined_900/DEF_combined_900.dl,70.66553333333333,76.93442017224096
completion,LOC,d:/work24/souffle-lsp-plugin/gen_datasets/LOC/LOC_combined_10000/LOC_combined_10000.dl,210.69063333333335,212.81475915330353
completion,LOC,d:/work24/souffle-lsp-plugin/gen_datasets/LOC/LOC_combined_1200/LOC_combined_1200.dl,29.666,39.393678282813035
completion,LOC,d:/work24/souffle-lsp-plugin/gen_datasets/LOC/LOC_combined_1600/LOC_combined_1600.dl,48.44343333333333,49.260465780569376
completion,LOC,d:/work24/souffle-lsp-plugin/gen_datasets/LOC/LOC_combined_2000/LOC_combined_2000.dl,44.33193333333333,53.053766852063255
completion,LOC,d:/work24/souffle-lsp-plugin/gen_datasets/LOC/LOC_combined_2400/LOC_combined_2400.dl,61.000766666666664,63.227013976631426
completion,LOC,d:/work24/souffle-lsp-plugin/gen_datasets/LOC/LOC_combined_2800/LOC_combined_2800.dl,61.66636666666667,60.437350072459274
completion,LOC,d:/work24/souffle-lsp-plugin/gen_datasets/LOC/LOC_combined_3200/LOC_combined_3200.dl,72.33803333333333,74.96708381252168
completion,LOC,d:/work24/souffle-lsp-plugin/gen_datasets/LOC/LOC_combined_3600/LOC_combined_3600.dl,82.99896666666667,83.86408414753078
completion,LOC,d:/work24/souffle-lsp-plugin/gen_datasets/LOC/LOC_combined_400/LOC_combined_400.dl,9.665966666666668,21.778089232010274
completion,LOC,d:/work24/souffle-lsp-plugin/gen_datasets/LOC/LOC_combined_4000/LOC_combined_4000.dl,89.66603333333335,92.38992703875283
completion,LOC,d:/work24/souffle-lsp-plugin/gen_datasets/LOC/LOC_combined_4400/LOC_combined_4400.dl,104.66616666666668,96.12369877282691
completion,LOC,d:/work24/souffle-lsp-plugin/gen_datasets/LOC/LOC_combined_4800/LOC_combined_4800.dl,116.0004,108.1705327783651
completion,LOC,d:/work24/souffle-lsp-plugin/gen_datasets/LOC/LOC_combined_5200/LOC_combined_5200.dl,115.33123333333333,112.64135952553623
completion,LOC,d:/work24/souffle-lsp-plugin/gen_datasets/LOC/LOC_combined_5600/LOC_combined_5600.dl,127.32956666666666,127.10077052897319
completion,LOC,d:/work24/souffle-lsp-plugin/gen_datasets/LOC/LOC_combined_6000/LOC_combined_6000.dl,143.66753333333335,125.0734193388856
completion,LOC,d:/work24/souffle-lsp-plugin/gen_datasets/LOC/LOC_combined_6400/LOC_combined_6400.dl,143.995,147.18257776454726
completion,LOC,d:/work24/souffle-lsp-plugin/gen_datasets/LOC/LOC_combined_6800/LOC_combined_6800.dl,148.33303333333333,144.2984835190407
completion,LOC,d:/work24/souffle-lsp-plugin/gen_datasets/LOC/LOC_combined_7200/LOC_combined_7200.dl,155.00003333333333,160.28069994565095
completion,LOC,d:/work24/souffle-lsp-plugin/gen_datasets/LOC/LOC_combined_7600/LOC_combined_7600.dl,157.99960000000002,163.7678972144665
completion,LOC,d:/work24/souffle-lsp-plugin/gen_datasets/LOC/LOC_combined_800/LOC_combined_800.dl,19.665233333333333,32.712668649921
completion,LOC,d:/work24/souffle-lsp-plugin/gen_datasets/LOC/LOC_combined_8000/LOC_combined_8000.dl,176.6661,167.18247048507274
completion,LOC,d:/work24/souffle-lsp-plugin/gen_datasets/LOC/LOC_combined_8400/LOC_combined_8400.dl,168.9995,181.88453405699488
completion,LOC,d:/work24/souffle-lsp-plugin/gen_datasets/LOC/LOC_combined_8800/LOC_combined_8800.dl,172.9517,195.2627095866672
completion,LOC,d:/work24/souffle-lsp-plugin/gen_datasets/LOC/LOC_combined_9200/LOC_combined_9200.dl,196.50105,188.85761273846333
completion,LOC,d:/work24/souffle-lsp-plugin/gen_datasets/LOC/LOC_combined_9600/LOC_combined_9600.dl,200.6652333333333,202.25067540009007
completion,NOD,d:/work24/souffle-lsp-plugin/gen_datasets/NOD/NOD_combined_10000/NOD_combined_10000.dl,11.000300000000001,22.62437357532552
completion,NOD,d:/work24/souffle-lsp-plugin/gen_datasets/NOD/NOD_combined_100000/NOD_combined_100000.dl,98.66686666666665,87.58808930666213
completion,NOD,d:/work24/souffle-lsp-plugin/gen_datasets/NOD/NOD_combined_110000/NOD_combined_110000.dl,108.66606666666667,95.33004646349646
completion,NOD,d:/work24/souffle-lsp-plugin/gen_datasets/NOD/NOD_combined_120000/NOD_combined_120000.dl,104.99883333333332,103.15997412173233
completion,NOD,d:/work24/souffle-lsp-plugin/gen_datasets/NOD/NOD_combined_130000/NOD_combined_130000.dl,113.99849999999999,110.38239635161648
completion,NOD,d:/work24/souffle-lsp-plugin/gen_datasets/NOD/NOD_combined_140000/NOD_combined_140000.dl,120.66546666666666,117.37987731817427
completion,NOD,d:/work24/souffle-lsp-plugin/gen_datasets/NOD/NOD_combined_150000/NOD_combined_150000.dl,133.66796666666667,124.10055300856715
completion,NOD,d:/work24/souffle-lsp-plugin/gen_datasets/NOD/NOD_combined_160000/NOD_combined_160000.dl,147.99926666666667,131.02079788961484
completion,NOD,d:/work24/souffle-lsp-plugin/gen_datasets/NOD/NOD_combined_170000/NOD_combined_170000.dl,129.33286666666666,139.21401806105945
completion,NOD,d:/work24/souffle-lsp-plugin/gen_datasets/NOD/NOD_combined_180000/NOD_combined_180000.dl,142.45433333333332,146.50267124145373
completion,NOD,d:/work24/souffle-lsp-plugin/gen_datasets/NOD/NOD_combined_190000/NOD_combined_190000.dl,150.7501,153.23627138258618
completion,NOD,d:/work24/souffle-lsp-plugin/gen_datasets/NOD/NOD_combined_20000/NOD_combined_20000.dl,19.000500000000002,29.261864206615947
completion,NOD,d:/work24/souffle-lsp-plugin/gen_datasets/NOD/NOD_combined_200000/NOD_combined_200000.dl,145.33370000000002,160.65129340206923
completion,NOD,d:/work24/souffle-lsp-plugin/gen_datasets/NOD/NOD_combined_210000/NOD_combined_210000.dl,170.66623333333334,168.53475046354313
completion,NOD,d:/work24/souffle-lsp-plugin/gen_datasets/NOD/NOD_combined_220000/NOD_combined_220000.dl,162.3321666666667,175.16156587606173
completion,NOD,d:/work24/souffle-lsp-plugin/gen_datasets/NOD/NOD_combined_230000/NOD_combined_230000.dl,175.00126666666665,183.69017091912824
completion,NOD,d:/work24/souffle-lsp-plugin/gen_datasets/NOD/NOD_combined_240000/NOD_combined_240000.dl,185.333,189.43787739589982
completion,NOD,d:/work24/souffle-lsp-plugin/gen_datasets/NOD/NOD_combined_250000/NOD_combined_250000.dl,190.33363333333332,198.08914578104716
completion,NOD,d:/work24/souffle-lsp-plugin/gen_datasets/NOD/NOD_combined_30000/NOD_combined_30000.dl,29.998766666666665,36.58021467552171
completion,NOD,d:/work24/souffle-lsp-plugin/gen_datasets/NOD/NOD_combined_40000/NOD_combined_40000.dl,39.00083333333333,43.12116169222166
completion,NOD,d:/work24/souffle-lsp-plugin/gen_datasets/NOD/NOD_combined_50000/NOD_combined_50000.dl,49.66526666666667,51.58932582289631
completion,NOD,d:/work24/souffle-lsp-plugin/gen_datasets/NOD/NOD_combined_60000/NOD_combined_60000.dl,57.9991,58.68556938484377
completion,NOD,d:/work24/souffle-lsp-plugin/gen_datasets/NOD/NOD_combined_70000/NOD_combined_70000.dl,73.66613333333333,65.80878992991063
completion,NOD,d:/work24/souffle-lsp-plugin/gen_datasets/NOD/NOD_combined_80000/NOD_combined_80000.dl,83.00066666666667,73.20453986996637
completion,NOD,d:/work24/souffle-lsp-plugin/gen_datasets/NOD/NOD_combined_90000/NOD_combined_90000.dl,73.6651,79.64008685998506
completion,OCC,d:/work24/souffle-lsp-plugin/gen_datasets/OCC/OCC_combined_10400/OCC_combined_10400.dl,125.50466666666667,118.40332030112356
completion,OCC,d:/work24/souffle-lsp-plugin/gen_datasets/OCC/OCC_combined_11200/OCC_combined_11200.dl,132.1077,133.06793061335006
completion,OCC,d:/work24/souffle-lsp-plugin/gen_datasets/OCC/OCC_combined_12000/OCC_combined_12000.dl,148.66570000000002,150.75156432976218
completion,OCC,d:/work24/souffle-lsp-plugin/gen_datasets/OCC/OCC_combined_12800/OCC_combined_12800.dl,142.99666666666667,159.64929843457926
completion,OCC,d:/work24/souffle-lsp-plugin/gen_datasets/OCC/OCC_combined_13600/OCC_combined_13600.dl,153.46713333333335,167.04585434896663
completion,OCC,d:/work24/souffle-lsp-plugin/gen_datasets/OCC/OCC_combined_14400/OCC_combined_14400.dl,165.36443333333332,173.4351232235849
completion,OCC,d:/work24/souffle-lsp-plugin/gen_datasets/OCC/OCC_combined_15200/OCC_combined_15200.dl,177.17646666666667,191.7352971201169
completion,OCC,d:/work24/souffle-lsp-plugin/gen_datasets/OCC/OCC_combined_1600/OCC_combined_1600.dl,21.331633333333333,31.407833142384643
completion,OCC,d:/work24/souffle-lsp-plugin/gen_datasets/OCC/OCC_combined_16000/OCC_combined_16000.dl,176.66553333333331,189.12915075884237
completion,OCC,d:/work24/souffle-lsp-plugin/gen_datasets/OCC/OCC_combined_16800/OCC_combined_16800.dl,186.6685,196.74041463145215
completion,OCC,d:/work24/souffle-lsp-plugin/gen_datasets/OCC/OCC_combined_17600/OCC_combined_17600.dl,190.33293333333336,200.87152446675145
completion,OCC,d:/work24/souffle-lsp-plugin/gen_datasets/OCC/OCC_combined_18400/OCC_combined_18400.dl,202.66896666666665,209.450008933706
completion,OCC,d:/work24/souffle-lsp-plugin/gen_datasets/OCC/OCC_combined_19200/OCC_combined_19200.dl,220.33363333333332,218.28463939193327
completion,OCC,d:/work24/souffle-lsp-plugin/gen_datasets/OCC/OCC_combined_20000/OCC_combined_20000.dl,231.99953333333335,238.53530156784345
completion,OCC,d:/work24/souffle-lsp-plugin/gen_datasets/OCC/OCC_combined_2400/OCC_combined_2400.dl,30.999033333333333,42.44658714122614
completion,OCC,d:/work24/souffle-lsp-plugin/gen_datasets/OCC/OCC_combined_3200/OCC_combined_3200.dl,47.67276666666667,49.889712492640626
completion,OCC,d:/work24/souffle-lsp-plugin/gen_datasets/OCC/OCC_combined_4000/OCC_combined_4000.dl,54.6664,58.89455625762054
completion,OCC,d:/work24/souffle-lsp-plugin/gen_datasets/OCC/OCC_combined_4800/OCC_combined_4800.dl,69.33300000000001,68.52024036587633
completion,OCC,d:/work24/souffle-lsp-plugin/gen_datasets/OCC/OCC_combined_5600/OCC_combined_5600.dl,57.666599999999995,62.1259196731136
completion,OCC,d:/work24/souffle-lsp-plugin/gen_datasets/OCC/OCC_combined_6400/OCC_combined_6400.dl,91.5302,86.21820362367342
completion,OCC,d:/work24/souffle-lsp-plugin/gen_datasets/OCC/OCC_combined_7200/OCC_combined_7200.dl,101.66876666666667,95.11414005884104
completion,OCC,d:/work24/souffle-lsp-plugin/gen_datasets/OCC/OCC_combined_800/OCC_combined_800.dl,14.331999999999999,24.002752251157403
completion,OCC,d:/work24/souffle-lsp-plugin/gen_datasets/OCC/OCC_combined_8000/OCC_combined_8000.dl,102.66683333333333,101.85279159050727
completion,OCC,d:/work24/souffle-lsp-plugin/gen_datasets/OCC/OCC_combined_8800/OCC_combined_8800.dl,106.33570000000002,106.27976291614665
completion,OCC,d:/work24/souffle-lsp-plugin/gen_datasets/OCC/OCC_combined_9600/OCC_combined_9600.dl,123.40570000000001,118.6913745389821
completion,ALL,d:/work24/souffle-lsp-plugin/gen_datasets/LOC/LOC_combined_10000/LOC_combined_10000.dl,210.69063333333335,212.81475915330353
completion,ALL,d:/work24/souffle-lsp-plugin/gen_datasets/LOC/LOC_combined_1200/LOC_combined_1200.dl,29.666,39.393678282813035
completion,ALL,d:/work24/souffle-lsp-plugin/gen_datasets/LOC/LOC_combined_1600/LOC_combined_1600.dl,48.44343333333333,49.260465780569376
completion,ALL,d:/work24/souffle-lsp-plugin/gen_datasets/LOC/LOC_combined_2000/LOC_combined_2000.dl,44.33193333333333,53.053766852063255
completion,ALL,d:/work24/souffle-lsp-plugin/gen_datasets/LOC/LOC_combined_2400/LOC_combined_2400.dl,61.000766666666664,63.227013976631426
completion,ALL,d:/work24/souffle-lsp-plugin/gen_datasets/LOC/LOC_combined_2800/LOC_combined_2800.dl,61.66636666666667,60.437350072459274
completion,ALL,d:/work24/souffle-lsp-plugin/gen_datasets/LOC/LOC_combined_3200/LOC_combined_3200.dl,72.33803333333333,74.96708381252168
completion,ALL,d:/work24/souffle-lsp-plugin/gen_datasets/LOC/LOC_combined_3600/LOC_combined_3600.dl,82.99896666666667,83.86408414753078
completion,ALL,d:/work24/souffle-lsp-plugin/gen_datasets/LOC/LOC_combined_400/LOC_combined_400.dl,9.665966666666668,21.778089232010274
completion,ALL,d:/work24/souffle-lsp-plugin/gen_datasets/LOC/LOC_combined_4000/LOC_combined_4000.dl,89.66603333333335,92.38992703875283
completion,ALL,d:/work24/souffle-lsp-plugin/gen_datasets/LOC/LOC_combined_4400/LOC_combined_4400.dl,104.66616666666668,96.12369877282691
completion,ALL,d:/work24/souffle-lsp-plugin/gen_datasets/LOC/LOC_combined_4800/LOC_combined_4800.dl,116.0004,108.1705327783651
completion,ALL,d:/work24/souffle-lsp-plugin/gen_datasets/LOC/LOC_combined_5200/LOC_combined_5200.dl,115.33123333333333,112.64135952553623
completion,ALL,d:/work24/souffle-lsp-plugin/gen_datasets/LOC/LOC_combined_5600/LOC_combined_5600.dl,127.32956666666666,127.10077052897319
completion,ALL,d:/work24/souffle-lsp-plugin/gen_datasets/LOC/LOC_combined_6000/LOC_combined_6000.dl,143.66753333333335,125.0734193388856
completion,ALL,d:/work24/souffle-lsp-plugin/gen_datasets/LOC/LOC_combined_6400/LOC_combined_6400.dl,143.995,147.18257776454726
completion,ALL,d:/work24/souffle-lsp-plugin/gen_datasets/LOC/LOC_combined_6800/LOC_combined_6800.dl,148.33303333333333,144.2984835190407
completion,ALL,d:/work24/souffle-lsp-plugin/gen_datasets/LOC/LOC_combined_7200/LOC_combined_7200.dl,155.00003333333333,160.28069994565095
completion,ALL,d:/work24/souffle-lsp-plugin/gen_datasets/LOC/LOC_combined_7600/LOC_combined_7600.dl,157.99960000000002,163.7678972144665
completion,ALL,d:/work24/souffle-lsp-plugin/gen_datasets/LOC/LOC_combined_800/LOC_combined_800.dl,19.665233333333333,32.712668649921
completion,ALL,d:/work24/souffle-lsp-plugin/gen_datasets/LOC/LOC_combined_8000/LOC_combined_8000.dl,176.6661,167.18247048507274
completion,ALL,d:/work24/souffle-lsp-plugin/gen_datasets/LOC/LOC_combined_8400/LOC_combined_8400.dl,168.9995,181.88453405699488
completion,ALL,d:/work24/souffle-lsp-plugin/gen_datasets/LOC/LOC_combined_8800/LOC_combined_8800.dl,172.9517,195.2627095866672
completion,ALL,d:/work24/souffle-lsp-plugin/gen_datasets/LOC/LOC_combined_9200/LOC_combined_9200.dl,196.50105,188.85761273846333
completion,ALL,d:/work24/souffle-lsp-plugin/gen_datasets/LOC/LOC_combined_9600/LOC_combined_9600.dl,200.6652333333333,202.25067540009007
completion,ALL,d:/work24/souffle-lsp-plugin/gen_datasets/NOD/NOD_combined_10000/NOD_combined_10000.dl,11.000300000000001,22.62437357532552
completion,ALL,d:/work24/souffle-lsp-plugin/gen_datasets/NOD/NOD_combined_100000/NOD_combined_100000.dl,98.66686666666665,87.58808930666213
completion,ALL,d:/work24/souffle-lsp-plugin/gen_datasets/NOD/NOD_combined_110000/NOD_combined_110000.dl,108.66606666666667,95.33004646349646
completion,ALL,d:/work24/souffle-lsp-plugin/gen_datasets/NOD/NOD_combined_120000/NOD_combined_120000.dl,104.99883333333332,103.15997412173233
completion,ALL,d:/work24/souffle-lsp-plugin/gen_datasets/NOD/NOD_combined_130000/NOD_combined_130000.dl,113.99849999999999,110.38239635161648
completion,ALL,d:/work24/souffle-lsp-plugin/gen_datasets/NOD/NOD_combined_140000/NOD_combined_140000.dl,120.66546666666666,117.37987731817427
completion,ALL,d:/work24/souffle-lsp-plugin/gen_datasets/NOD/NOD_combined_150000/NOD_combined_150000.dl,133.66796666666667,124.10055300856715
completion,ALL,d:/work24/souffle-lsp-plugin/gen_datasets/NOD/NOD_combined_160000/NOD_combined_160000.dl,147.99926666666667,131.02079788961484
completion,ALL,d:/work24/souffle-lsp-plugin/gen_datasets/NOD/NOD_combined_170000/NOD_combined_170000.dl,129.33286666666666,139.21401806105945
completion,ALL,d:/work24/souffle-lsp-plugin/gen_datasets/NOD/NOD_combined_180000/NOD_combined_180000.dl,142.45433333333332,146.50267124145373
completion,ALL,d:/work24/souffle-lsp-plugin/gen_datasets/NOD/NOD_combined_190000/NOD_combined_190000.dl,150.7501,153.23627138258618
completion,ALL,d:/work24/souffle-lsp-plugin/gen_datasets/NOD/NOD_combined_20000/NOD_combined_20000.dl,19.000500000000002,29.261864206615947
completion,ALL,d:/work24/souffle-lsp-plugin/gen_datasets/NOD/NOD_combined_200000/NOD_combined_200000.dl,145.33370000000002,160.65129340206923
completion,ALL,d:/work24/souffle-lsp-plugin/gen_datasets/NOD/NOD_combined_210000/NOD_combined_210000.dl,170.66623333333334,168.53475046354313
completion,ALL,d:/work24/souffle-lsp-plugin/gen_datasets/NOD/NOD_combined_220000/NOD_combined_220000.dl,162.3321666666667,175.16156587606173
completion,ALL,d:/work24/souffle-lsp-plugin/gen_datasets/NOD/NOD_combined_230000/NOD_combined_230000.dl,175.00126666666665,183.69017091912824
completion,ALL,d:/work24/souffle-lsp-plugin/gen_datasets/NOD/NOD_combined_240000/NOD_combined_240000.dl,185.333,189.43787739589982
completion,ALL,d:/work24/souffle-lsp-plugin/gen_datasets/NOD/NOD_combined_250000/NOD_combined_250000.dl,190.33363333333332,198.08914578104716
completion,ALL,d:/work24/souffle-lsp-plugin/gen_datasets/NOD/NOD_combined_30000/NOD_combined_30000.dl,29.998766666666665,36.58021467552171
completion,ALL,d:/work24/souffle-lsp-plugin/gen_datasets/NOD/NOD_combined_40000/NOD_combined_40000.dl,39.00083333333333,43.12116169222166
completion,ALL,d:/work24/souffle-lsp-plugin/gen_datasets/NOD/NOD_combined_50000/NOD_combined_50000.dl,49.66526666666667,51.58932582289631
completion,ALL,d:/work24/souffle-lsp-plugin/gen_datasets/NOD/NOD_combined_60000/NOD_combined_60000.dl,57.9991,58.68556938484377
completion,ALL,d:/work24/souffle-lsp-plugin/gen_datasets/NOD/NOD_combined_70000/NOD_combined_70000.dl,73.66613333333333,65.80878992991063
completion,ALL,d:/work24/souffle-lsp-plugin/gen_datasets/NOD/NOD_combined_80000/NOD_combined_80000.dl,83.00066666666667,73.20453986996637
completion,ALL,d:/work24/souffle-lsp-plugin/gen_datasets/NOD/NOD_combined_90000/NOD_combined_90000.dl,73.6651,79.64008685998506
completion,ALL,d:/work24/souffle-lsp-plugin/gen_datasets/OCC/OCC_combined_10400/OCC_combined_10400.dl,125.50466666666667,118.40332030112356
completion,ALL,d:/work24/souffle-lsp-plugin/gen_datasets/OCC/OCC_combined_11200/OCC_combined_11200.dl,132.1077,133.06793061335006
completion,ALL,d:/work24/souffle-lsp-plugin/gen_datasets/OCC/OCC_combined_12000/OCC_combined_12000.dl,148.66570000000002,150.75156432976218
completion,ALL,d:/work24/souffle-lsp-plugin/gen_datasets/OCC/OCC_combined_12800/OCC_combined_12800.dl,142.99666666666667,159.64929843457926
completion,ALL,d:/work24/souffle-lsp-plugin/gen_datasets/OCC/OCC_combined_13600/OCC_combined_13600.dl,153.46713333333335,167.04585434896663
completion,ALL,d:/work24/souffle-lsp-plugin/gen_datasets/OCC/OCC_combined_14400/OCC_combined_14400.dl,165.36443333333332,173.4351232235849
completion,ALL,d:/work24/souffle-lsp-plugin/gen_datasets/OCC/OCC_combined_15200/OCC_combined_15200.dl,177.17646666666667,191.7352971201169
completion,ALL,d:/work24/souffle-lsp-plugin/gen_datasets/OCC/OCC_combined_1600/OCC_combined_1600.dl,21.331633333333333,31.407833142384643
completion,ALL,d:/work24/souffle-lsp-plugin/gen_datasets/OCC/OCC_combined_16000/OCC_combined_16000.dl,176.66553333333331,189.12915075884237
completion,ALL,d:/work24/souffle-lsp-plugin/gen_datasets/OCC/OCC_combined_16800/OCC_combined_16800.dl,186.6685,196.74041463145215
completion,ALL,d:/work24/souffle-lsp-plugin/gen_datasets/OCC/OCC_combined_17600/OCC_combined_17600.dl,190.33293333333336,200.87152446675145
completion,ALL,d:/work24/souffle-lsp-plugin/gen_datasets/OCC/OCC_combined_18400/OCC_combined_18400.dl,202.66896666666665,209.450008933706
completion,ALL,d:/work24/souffle-lsp-plugin/gen_datasets/OCC/OCC_combined_19200/OCC_combined_19200.dl,220.33363333333332,218.28463939193327
completion,ALL,d:/work24/souffle-lsp-plugin/gen_datasets/OCC/OCC_combined_20000/OCC_combined_20000.dl,231.99953333333335,238.53530156784345
completion,ALL,d:/work24/souffle-lsp-plugin/gen_datasets/OCC/OCC_combined_2400/OCC_combined_2400.dl,30.999033333333333,42.44658714122614
completion,ALL,d:/work24/souffle-lsp-plugin/gen_datasets/OCC/OCC_combined_3200/OCC_combined_3200.dl,47.67276666666667,49.889712492640626
completion,ALL,d:/work24/souffle-lsp-plugin/gen_datasets/OCC/OCC_combined_4000/OCC_combined_4000.dl,54.6664,58.89455625762054
completion,ALL,d:/work24/souffle-lsp-plugin/gen_datasets/OCC/OCC_combined_4800/OCC_combined_4800.dl,69.33300000000001,68.52024036587633
completion,ALL,d:/work24/souffle-lsp-plugin/gen_datasets/OCC/OCC_combined_5600/OCC_combined_5600.dl,57.666599999999995,62.1259196731136
completion,ALL,d:/work24/souffle-lsp-plugin/gen_datasets/OCC/OCC_combined_6400/OCC_combined_6400.dl,91.5302,86.21820362367342
completion,ALL,d:/work24/souffle-lsp-plugin/gen_datasets/OCC/OCC_combined_7200/OCC_combined_7200.dl,101.66876666666667,95.11414005884104
completion,ALL,d:/work24/souffle-lsp-plugin/gen_datasets/OCC/OCC_combined_800/OCC_combined_800.dl,14.331999999999999,24.002752251157403
completion,ALL,d:/work24/souffle-lsp-plugin/gen_datasets/OCC/OCC_combined_8000/OCC_combined_8000.dl,102.66683333333333,101.85279159050727
completion,ALL,d:/work24/souffle-lsp-plugin/gen_datasets/OCC/OCC_combined_8800/OCC_combined_8800.dl,106.33570000000002,106.27976291614665
completion,ALL,d:/work24/souffle-lsp-plugin/gen_datasets/OCC/OCC_combined_9600/OCC_combined_9600.dl,123.40570000000001,118.6913745389821
completion,ALL,d:/work24/souffle-lsp-plugin/gen_datasets/DEF/DEF_combined_100/DEF_combined_100.dl,16.0004,24.789686795045128
completion,ALL,d:/work24/souffle-lsp-plugin/gen_datasets/DEF/DEF_combined_1000/DEF_combined_1000.dl,79.9959,85.51632683730153
completion,ALL,d:/work24/souffle-lsp-plugin/gen_datasets/DEF/DEF_combined_1100/DEF_combined_1100.dl,86.14229999999999,89.0361579928834
completion,ALL,d:/work24/souffle-lsp-plugin/gen_datasets/DEF/DEF_combined_1200/DEF_combined_1200.dl,92.66656666666667,98.58404202826033
completion,ALL,d:/work24/souffle-lsp-plugin/gen_datasets/DEF/DEF_combined_1300/DEF_combined_1300.dl,95.87676666666668,86.96949992818216
completion,ALL,d:/work24/souffle-lsp-plugin/gen_datasets/DEF/DEF_combined_1400/DEF_combined_1400.dl,74.0061,85.99724062999968
completion,ALL,d:/work24/souffle-lsp-plugin/gen_datasets/DEF/DEF_combined_1500/DEF_combined_1500.dl,123.41486666666667,120.57207013847336
completion,ALL,d:/work24/souffle-lsp-plugin/gen_datasets/DEF/DEF_combined_1600/DEF_combined_1600.dl,99.9439,114.16424203100962
completion,ALL,d:/work24/souffle-lsp-plugin/gen_datasets/DEF/DEF_combined_1700/DEF_combined_1700.dl,142.4648,148.61225396231663
completion,ALL,d:/work24/souffle-lsp-plugin/gen_datasets/DEF/DEF_combined_1800/DEF_combined_1800.dl,121.33116666666668,119.68888676727826
completion,ALL,d:/work24/souffle-lsp-plugin/gen_datasets/DEF/DEF_combined_1900/DEF_combined_1900.dl,134.99980000000002,143.2378035692586
completion,ALL,d:/work24/souffle-lsp-plugin/gen_datasets/DEF/DEF_combined_200/DEF_combined_200.dl,29.999200000000002,36.42083021762775
completion,ALL,d:/work24/souffle-lsp-plugin/gen_datasets/DEF/DEF_combined_2000/DEF_combined_2000.dl,171.00986666666668,187.54485667578817
completion,ALL,d:/work24/souffle-lsp-plugin/gen_datasets/DEF/DEF_combined_2100/DEF_combined_2100.dl,153.67003333333335,169.48258655341007
completion,ALL,d:/work24/souffle-lsp-plugin/gen_datasets/DEF/DEF_combined_2200/DEF_combined_2200.dl,140.6726,148.162714680004
completion,ALL,d:/work24/souffle-lsp-plugin/gen_datasets/DEF/DEF_combined_2300/DEF_combined_2300.dl,174.67176666666668,198.68437899600136
completion,ALL,d:/work24/souffle-lsp-plugin/gen_datasets/DEF/DEF_combined_2400/DEF_combined_2400.dl,177.941,182.25859947379382
completion,ALL,d:/work24/souffle-lsp-plugin/gen_datasets/DEF/DEF_combined_2500/DEF_combined_2500.dl,153.99966666666666,157.50183442536363
completion,ALL,d:/work24/souffle-lsp-plugin/gen_datasets/DEF/DEF_combined_300/DEF_combined_300.dl,33.684133333333335,39.00527378288146
completion,ALL,d:/work24/souffle-lsp-plugin/gen_datasets/DEF/DEF_combined_400/DEF_combined_400.dl,48.333133333333336,53.846930523496866
completion,ALL,d:/work24/souffle-lsp-plugin/gen_datasets/DEF/DEF_combined_500/DEF_combined_500.dl,37.99713333333333,40.08731349814957
completion,ALL,d:/work24/souffle-lsp-plugin/gen_datasets/DEF/DEF_combined_600/DEF_combined_600.dl,40.66656666666666,49.983867237089974
completion,ALL,d:/work24/souffle-lsp-plugin/gen_datasets/DEF/DEF_combined_700/DEF_combined_700.dl,74.99856666666666,81.14946325597491
completion,ALL,d:/work24/souffle-lsp-plugin/gen_datasets/DEF/DEF_combined_800/DEF_combined_800.dl,63.334366666666675,67.48488219197783
completion,ALL,d:/work24/souffle-lsp-plugin/gen_datasets/DEF/DEF_combined_900/DEF_combined_900.dl,70.66553333333333,76.93442017224096
gotoDefinition,DEF,d:/work24/souffle-lsp-plugin/gen_datasets/DEF/DEF_combined_100/DEF_combined_100.dl,0.0,0.0754299993128513
gotoDefinition,DEF,d:/work24/souffle-lsp-plugin/gen_datasets/DEF/DEF_combined_1000/DEF_combined_1000.dl,0.0,0.03887650550005984
gotoDefinition,DEF,d:/work24/souffle-lsp-plugin/gen_datasets/DEF/DEF_combined_1100/DEF_combined_1100.dl,0.0,0.03593492256601272
gotoDefinition,DEF,d:/work24/souffle-lsp-plugin/gen_datasets/DEF/DEF_combined_1200/DEF_combined_1200.dl,0.0,0.034723682534346254
gotoDefinition,DEF,d:/work24/souffle-lsp-plugin/gen_datasets/DEF/DEF_combined_1300/DEF_combined_1300.dl,0.0,0.033685476792917855
gotoDefinition,DEF,d:/work24/souffle-lsp-plugin/gen_datasets/DEF/DEF_combined_1400/DEF_combined_1400.dl,0.0,0.03391618917990195
gotoDefinition,DEF,d:/work24/souffle-lsp-plugin/gen_datasets/DEF/DEF_combined_1500/DEF_combined_1500.dl,0.0,0.015992720616075595
gotoDefinition,DEF,d:/work24/souffle-lsp-plugin/gen_datasets/DEF/DEF_combined_1600/DEF_combined_1600.dl,0.0,0.021702852193931782
gotoDefinition,DEF,d:/work24/souffle-lsp-plugin/gen_datasets/DEF/DEF_combined_1700/DEF_combined_1700.dl,0.0,0.010484462376830497
gotoDefinition,DEF,d:/work24/souffle-lsp-plugin/gen_datasets/DEF/DEF_combined_1800/DEF_combined_1800.dl,0.0,0.012575293383873795
gotoDefinition,DEF,d:/work24/souffle-lsp-plugin/gen_datasets/DEF/DEF_combined_1900/DEF_combined_1900.dl,0.0,0.005870214637148735
gotoDefinition,DEF,d:/work24/souffle-lsp-plugin/gen_datasets/DEF/DEF_combined_200/DEF_combined_200.dl,0.0,0.07081575157316954
gotoDefinition,DEF,d:/work24/souffle-lsp-plugin/gen_datasets/DEF/DEF_combined_2000/DEF_combined_2000.dl,0.0,-0.0062133466311428825
gotoDefinition,DEF,d:/work24/souffle-lsp-plugin/gen_datasets/DEF/DEF_combined_2100/DEF_combined_2100.dl,0.0,-0.009544256718225647
gotoDefinition,DEF,d:/work24/souffle-lsp-plugin/gen_datasets/DEF/DEF_combined_2200/DEF_combined_2200.dl,0.0,-0.0013972255528500455
gotoDefinition,DEF,d:/work24/souffle-lsp-plugin/gen_datasets/DEF/DEF_combined_2300/DEF_combined_2300.dl,0.0,-0.017316380254752115
gotoDefinition,DEF,d:/work24/souffle-lsp-plugin/gen_datasets/DEF/DEF_combined_2400/DEF_combined_2400.dl,0.0,-0.01164950724945546
gotoDefinition,DEF,d:/work24/souffle-lsp-plugin/gen_datasets/DEF/DEF_combined_2500/DEF_combined_2500.dl,0.0,-0.012572356797391812
gotoDefinition,DEF,d:/work24/souffle-lsp-plugin/gen_datasets/DEF/DEF_combined_300/DEF_combined_300.dl,0.0,0.06640337717209885
gotoDefinition,DEF,d:/work24/souffle-lsp-plugin/gen_datasets/DEF/DEF_combined_400/DEF_combined_400.dl,0.0,0.061082572747278324
gotoDefinition,DEF,d:/work24/souffle-lsp-plugin/gen_datasets/DEF/DEF_combined_500/DEF_combined_500.dl,0.0,0.061717031811484566
gotoDefinition,DEF,d:/work24/souffle-lsp-plugin/gen_datasets/DEF/DEF_combined_600/DEF_combined_600.dl,0.0,0.059049419836981046
gotoDefinition,DEF,d:/work24/souffle-lsp-plugin/gen_datasets/DEF/DEF_combined_700/DEF_combined_700.dl,0.0,0.049330660535276336
gotoDefinition,DEF,d:/work24/souffle-lsp-plugin/gen_datasets/DEF/DEF_combined_800/DEF_combined_800.dl,0.0,0.05005163674460161
gotoDefinition,DEF,d:/work24/souffle-lsp-plugin/gen_datasets/DEF/DEF_combined_900/DEF_combined_900.dl,0.0,0.044701993271408065
gotoDefinition,LOC,d:/work24/souffle-lsp-plugin/gen_datasets/LOC/LOC_combined_10000/LOC_combined_10000.dl,0.3336333333333333,-0.0277272767174091
gotoDefinition,LOC,d:/work24/souffle-lsp-plugin/gen_datasets/LOC/LOC_combined_1200/LOC_combined_1200.dl,0.0,0.06685038242188052
gotoDefinition,LOC,d:/work24/souffle-lsp-plugin/gen_datasets/LOC/LOC_combined_1600/LOC_combined_1600.dl,0.0,0.0633464380445597
gotoDefinition,LOC,d:/work24/souffle-lsp-plugin/gen_datasets/LOC/LOC_combined_2000/LOC_combined_2000.dl,0.0,0.06089511893285375
gotoDefinition,LOC,d:/work24/souffle-lsp-plugin/gen_datasets/LOC/LOC_combined_2400/LOC_combined_2400.dl,0.0,0.05600690023362838
gotoDefinition,LOC,d:/work24/souffle-lsp-plugin/gen_datasets/LOC/LOC_combined_2800/LOC_combined_2800.dl,0.0,0.051032164389283985
gotoDefinition,LOC,d:/work24/souffle-lsp-plugin/gen_datasets/LOC/LOC_combined_3200/LOC_combined_3200.dl,0.0,0.04311584561089246
gotoDefinition,LOC,d:/work24/souffle-lsp-plugin/gen_datasets/LOC/LOC_combined_3600/LOC_combined_3600.dl,0.33303333333333335,0.04157295652293637
gotoDefinition,LOC,d:/work24/souffle-lsp-plugin/gen_datasets/LOC/LOC_combined_400/LOC_combined_400.dl,0.33349999999999996,0.07625191219148211
gotoDefinition,LOC,d:/work24/souffle-lsp-plugin/gen_datasets/LOC/LOC_combined_4000/LOC_combined_4000.dl,0.0,0.038285305008413116
gotoDefinition,LOC,d:/work24/souffle-lsp-plugin/gen_datasets/LOC/LOC_combined_4400/LOC_combined_4400.dl,0.0,0.030455503375140622
gotoDefinition,LOC,d:/work24/souffle-lsp-plugin/gen_datasets/LOC/LOC_combined_4800/LOC_combined_4800.dl,0.0,0.024644435127978905
gotoDefinition,LOC,d:/work24/souffle-lsp-plugin/gen_datasets/LOC/LOC_combined_5200/LOC_combined_5200.dl,0.0,0.018011454002186372
gotoDefinition,LOC,d:/work24/souffle-lsp-plugin/gen_datasets/LOC/LOC_combined_5600/LOC_combined_5600.dl,0.0,0.019885992146432087
gotoDefinition,LOC,d:/work24/souffle-lsp-plugin/gen_datasets/LOC/LOC_combined_6000/LOC_combined_6000.dl,0.0,0.010210491417286888
gotoDefinition,LOC,d:/work24/souffle-lsp-plugin/gen_datasets/LOC/LOC_combined_6400/LOC_combined_6400.dl,0.6669,0.006533512749727993
gotoDefinition,LOC,d:/work24/souffle-lsp-plugin/gen_datasets/LOC/LOC_combined_6800/LOC_combined_6800.dl,0.0,0.002077879776097788
gotoDefinition,LOC,d:/work24/souffle-lsp-plugin/gen_datasets/LOC/LOC_combined_7200/LOC_combined_7200.dl,0.0,-0.003560154180825864
gotoDefinition,LOC,d:/work24/souffle-lsp-plugin/gen_datasets/LOC/LOC_combined_7600/LOC_combined_7600.dl,0.0,0.004630135557109269
gotoDefinition,LOC,d:/work24/souffle-lsp-plugin/gen_datasets/LOC/LOC_combined_800/LOC_combined_800.dl,0.0,0.07235864066112563
gotoDefinition,LOC,d:/work24/souffle-lsp-plugin/gen_datasets/LOC/LOC_combined_8000/LOC_combined_8000.dl,0.0,-0.013812435877431278
gotoDefinition,LOC,d:/work24/souffle-lsp-plugin/gen_datasets/LOC/LOC_combined_8400/LOC_combined_8400.dl,0.0,-0.018527620286418578
gotoDefinition,LOC,d:/work24/souffle-lsp-plugin/gen_datasets/LOC/LOC_combined_8800/LOC_combined_8800.dl,0.25853333333333334,-0.014129665409534406
gotoDefinition,LOC,d:/work24/souffle-lsp-plugin/gen_datasets/LOC/LOC_combined_9200/LOC_combined_9200.dl,0.0,-0.03313459828734866
gotoDefinition,LOC,d:/work24/souffle-lsp-plugin/gen_datasets/LOC/LOC_combined_9600/LOC_combined_9600.dl,0.33313333333333334,-0.027943569580206676
gotoDefinition,NOD,d:/work24/souffle-lsp-plugin/gen_datasets/NOD/NOD_combined_10000/NOD_combined_10000.dl,0.0,0.07615097552217658
gotoDefinition,NOD,d:/work24/souffle-lsp-plugin/gen_datasets/NOD/NOD_combined_100000/NOD_combined_100000.dl,0.0,0.0395542231368256
gotoDefinition,NOD,d:/work24/souffle-lsp-plugin/gen_datasets/NOD/NOD_combined_110000/NOD_combined_110000.dl,0.0,0.031262996729584935
gotoDefinition,NOD,d:/work24/souffle-lsp-plugin/gen_datasets/NOD/NOD_combined_120000/NOD_combined_120000.dl,0.0,0.022668960314427652
gotoDefinition,NOD,d:/work24/souffle-lsp-plugin/gen_datasets/NOD/NOD_combined_130000/NOD_combined_130000.dl,0.0,0.02819163807785926
gotoDefinition,NOD,d:/work24/souffle-lsp-plugin/gen_datasets/NOD/NOD_combined_140000/NOD_combined_140000.dl,0.0,0.0157331691807185
gotoDefinition,NOD,d:/work24/souffle-lsp-plugin/gen_datasets/NOD/NOD_combined_150000/NOD_combined_150000.dl,0.0,0.021702852193931782
gotoDefinition,NOD,d:/work24/souffle-lsp-plugin/gen_datasets/NOD/NOD_combined_160000/NOD_combined_160000.dl,0.0,0.012863683867603906
gotoDefinition,NOD,d:/work24/souffle-lsp-plugin/gen_datasets/NOD/NOD_combined_170000/NOD_combined_170000.dl,0.0,0.005567404629232123
gotoDefinition,NOD,d:/work24/souffle-lsp-plugin/gen_datasets/NOD/NOD_combined_180000/NOD_combined_180000.dl,0.0,0.006850742281831107
gotoDefinition,NOD,d:/work24/souffle-lsp-plugin/gen_datasets/NOD/NOD_combined_190000/NOD_combined_190000.dl,0.0,0.010167232844727384
gotoDefinition,NOD,d:/work24/souffle-lsp-plugin/gen_datasets/NOD/NOD_combined_20000/NOD_combined_20000.dl,0.0,0.07237306018531213
gotoDefinition,NOD,d:/work24/souffle-lsp-plugin/gen_datasets/NOD/NOD_combined_200000/NOD_combined_200000.dl,0.0,-0.0038629641887424765
gotoDefinition,NOD,d:/work24/souffle-lsp-plugin/gen_datasets/NOD/NOD_combined_210000/NOD_combined_210000.dl,0.0,-0.001209771738425472
gotoDefinition,NOD,d:/work24/souffle-lsp-plugin/gen_datasets/NOD/NOD_combined_220000/NOD_combined_220000.dl,0.3337333333333334,-0.013437528248582131
gotoDefinition,NOD,d:/work24/souffle-lsp-plugin/gen_datasets/NOD/NOD_combined_230000/NOD_combined_230000.dl,0.0,-0.013221235385784555
gotoDefinition,NOD,d:/work24/souffle-lsp-plugin/gen_datasets/NOD/NOD_combined_240000/NOD_combined_240000.dl,0.0,-0.017374058351498134
gotoDefinition,NOD,d:/work24/souffle-lsp-plugin/gen_datasets/NOD/NOD_combined_250000/NOD_combined_250000.dl,0.3357666666666667,-0.01614839879564517
gotoDefinition,NOD,d:/work24/souffle-lsp-plugin/gen_datasets/NOD/NOD_combined_30000/NOD_combined_30000.dl,0.0,0.070714814903864
gotoDefinition,NOD,d:/work24/souffle-lsp-plugin/gen_datasets/NOD/NOD_combined_40000/NOD_combined_40000.dl,0.0,0.06460093664878566
gotoDefinition,NOD,d:/work24/souffle-lsp-plugin/gen_datasets/NOD/NOD_combined_50000/NOD_combined_50000.dl,0.0,0.06223613468219876
gotoDefinition,NOD,d:/work24/souffle-lsp-plugin/gen_datasets/NOD/NOD_combined_60000/NOD_combined_60000.dl,0.0,0.05284902443678367
gotoDefinition,NOD,d:/work24/souffle-lsp-plugin/gen_datasets/NOD/NOD_combined_70000/NOD_combined_70000.dl,0.0,0.04892691385805418
gotoDefinition,NOD,d:/work24/souffle-lsp-plugin/gen_datasets/NOD/NOD_combined_80000/NOD_combined_80000.dl,0.0,0.04158737604712288
gotoDefinition,NOD,d:/work24/souffle-lsp-plugin/gen_datasets/NOD/NOD_combined_90000/NOD_combined_90000.dl,0.0,0.048018483834304335
gotoDefinition,OCC,d:/work24/souffle-lsp-plugin/gen_datasets/OCC/OCC_combined_10400/OCC_combined_10400.dl,0.0,0.01550245679373441
gotoDefinition,OCC,d:/work24/souffle-lsp-plugin/gen_datasets/OCC/OCC_combined_11200/OCC_combined_11200.dl,0.0,0.014132601996016389
gotoDefinition,OCC,d:/work24/souffle-lsp-plugin/gen_datasets/OCC/OCC_combined_12000/OCC_combined_12000.dl,0.0,0.006014409879013791
gotoDefinition,OCC,d:/work24/souffle-lsp-plugin/gen_datasets/OCC/OCC_combined_12800/OCC_combined_12800.dl,0.0,0.003721705533359418
gotoDefinition,OCC,d:/work24/souffle-lsp-plugin/gen_datasets/OCC/OCC_combined_13600/OCC_combined_13600.dl,0.0,0.0023806897840144003
gotoDefinition,OCC,d:/work24/souffle-lsp-plugin/gen_datasets/OCC/OCC_combined_14400/OCC_combined_14400.dl,0.0,-0.003343861318028288
gotoDefinition,OCC,d:/work24/souffle-lsp-plugin/gen_datasets/OCC/OCC_combined_15200/OCC_combined_15200.dl,0.0,-0.009126090516816995
gotoDefinition,OCC,d:/work24/souffle-lsp-plugin/gen_datasets/OCC/OCC_combined_1600/OCC_combined_1600.dl,0.0,0.07159440587924083
gotoDefinition,OCC,d:/work24/souffle-lsp-plugin/gen_datasets/OCC/OCC_combined_16000/OCC_combined_16000.dl,0.0,-0.014547831610943057
gotoDefinition,OCC,d:/work24/souffle-lsp-plugin/gen_datasets/OCC/OCC_combined_16800/OCC_combined_16800.dl,0.0,-0.023718648993560562
gotoDefinition,OCC,d:/work24/souffle-lsp-plugin/gen_datasets/OCC/OCC_combined_17600/OCC_combined_17600.dl,0.0,-0.028102184346258233
gotoDefinition,OCC,d:/work24/souffle-lsp-plugin/gen_datasets/OCC/OCC_combined_18400/OCC_combined_18400.dl,0.0,-0.03512449262508642
gotoDefinition,OCC,d:/work24/souffle-lsp-plugin/gen_datasets/OCC/OCC_combined_19200/OCC_combined_19200.dl,0.0,-0.03821027080099859
gotoDefinition,OCC,d:/work24/souffle-lsp-plugin/gen_datasets/OCC/OCC_combined_20000/OCC_combined_20000.dl,0.0,-0.0384842417605422
gotoDefinition,OCC,d:/work24/souffle-lsp-plugin/gen_datasets/OCC/OCC_combined_2400/OCC_combined_2400.dl,0.0,0.0672829681474757
gotoDefinition,OCC,d:/work24/souffle-lsp-plugin/gen_datasets/OCC/OCC_combined_3200/OCC_combined_3200.dl,0.0,0.06132770465844892
gotoDefinition,OCC,d:/work24/souffle-lsp-plugin/gen_datasets/OCC/OCC_combined_4000/OCC_combined_4000.dl,0.0,0.05561757308059273
gotoDefinition,OCC,d:/work24/souffle-lsp-plugin/gen_datasets/OCC/OCC_combined_4800/OCC_combined_4800.dl,0.0,0.05283460491259717
gotoDefinition,OCC,d:/work24/souffle-lsp-plugin/gen_datasets/OCC/OCC_combined_5600/OCC_combined_5600.dl,0.0,0.04238044987738068
gotoDefinition,OCC,d:/work24/souffle-lsp-plugin/gen_datasets/OCC/OCC_combined_6400/OCC_combined_6400.dl,0.0,0.04272651845785681
gotoDefinition,OCC,d:/work24/souffle-lsp-plugin/gen_datasets/OCC/OCC_combined_7200/OCC_combined_7200.dl,0.0,0.0364107668641674
gotoDefinition,OCC,d:/work24/souffle-lsp-plugin/gen_datasets/OCC/OCC_combined_800/OCC_combined_800.dl,0.0,0.07479554024864506
gotoDefinition,OCC,d:/work24/souffle-lsp-plugin/gen_datasets/OCC/OCC_combined_8000/OCC_combined_8000.dl,0.0,0.029201004770914647
gotoDefinition,OCC,d:/work24/souffle-lsp-plugin/gen_datasets/OCC/OCC_combined_8800/OCC_combined_8800.dl,0.0,0.026187324215934997
gotoDefinition,OCC,d:/work24/souffle-lsp-plugin/gen_datasets/OCC/OCC_combined_9600/OCC_combined_9600.dl,0.0,0.016482984438416795
gotoDefinition,ALL,d:/work24/souffle-lsp-plugin/gen_datasets/LOC/LOC_combined_10000/LOC_combined_10000.dl,0.3336333333333333,-0.0277272767174091
gotoDefinition,ALL,d:/work24/souffle-lsp-plugin/gen_datasets/LOC/LOC_combined_1200/LOC_combined_1200.dl,0.0,0.06685038242188052
gotoDefinition,ALL,d:/work24/souffle-lsp-plugin/gen_datasets/LOC/LOC_combined_1600/LOC_combined_1600.dl,0.0,0.0633464380445597
gotoDefinition,ALL,d:/work24/souffle-lsp-plugin/gen_datasets/LOC/LOC_combined_2000/LOC_combined_2000.dl,0.0,0.06089511893285375
gotoDefinition,ALL,d:/work24/souffle-lsp-plugin/gen_datasets/LOC/LOC_combined_2400/LOC_combined_2400.dl,0.0,0.05600690023362838
gotoDefinition,ALL,d:/work24/souffle-lsp-plugin/gen_datasets/LOC/LOC_combined_2800/LOC_combined_2800.dl,0.0,0.051032164389283985
gotoDefinition,ALL,d:/work24/souffle-lsp-plugin/gen_datasets/LOC/LOC_combined_3200/LOC_combined_3200.dl,0.0,0.04311584561089246
gotoDefinition,ALL,d:/work24/souffle-lsp-plugin/gen_datasets/LOC/LOC_combined_3600/LOC_combined_3600.dl,0.33303333333333335,0.04157295652293637
gotoDefinition,ALL,d:/work24/souffle-lsp-plugin/gen_datasets/LOC/LOC_combined_400/LOC_combined_400.dl,0.33349999999999996,0.07625191219148211
gotoDefinition,ALL,d:/work24/souffle-lsp-plugin/gen_datasets/LOC/LOC_combined_4000/LOC_combined_4000.dl,0.0,0.038285305008413116
gotoDefinition,ALL,d:/work24/souffle-lsp-plugin/gen_datasets/LOC/LOC_combined_4400/LOC_combined_4400.dl,0.0,0.030455503375140622
gotoDefinition,ALL,d:/work24/souffle-lsp-plugin/gen_datasets/LOC/LOC_combined_4800/LOC_combined_4800.dl,0.0,0.024644435127978905
gotoDefinition,ALL,d:/work24/souffle-lsp-plugin/gen_datasets/LOC/LOC_combined_5200/LOC_combined_5200.dl,0.0,0.018011454002186372
gotoDefinition,ALL,d:/work24/souffle-lsp-plugin/gen_datasets/LOC/LOC_combined_5600/LOC_combined_5600.dl,0.0,0.019885992146432087
gotoDefinition,ALL,d:/work24/souffle-lsp-plugin/gen_datasets/LOC/LOC_combined_6000/LOC_combined_6000.dl,0.0,0.010210491417286888
gotoDefinition,ALL,d:/work24/souffle-lsp-plugin/gen_datasets/LOC/LOC_combined_6400/LOC_combined_6400.dl,0.6669,0.006533512749727993
gotoDefinition,ALL,d:/work24/souffle-lsp-plugin/gen_datasets/LOC/LOC_combined_6800/LOC_combined_6800.dl,0.0,0.002077879776097788
gotoDefinition,ALL,d:/work24/souffle-lsp-plugin/gen_datasets/LOC/LOC_combined_7200/LOC_combined_7200.dl,0.0,-0.003560154180825864
gotoDefinition,ALL,d:/work24/souffle-lsp-plugin/gen_datasets/LOC/LOC_combined_7600/LOC_combined_7600.dl,0.0,0.004630135557109269
gotoDefinition,ALL,d:/work24/souffle-lsp-plugin/gen_datasets/LOC/LOC_combined_800/LOC_combined_800.dl,0.0,0.07235864066112563
gotoDefinition,ALL,d:/work24/souffle-lsp-plugin/gen_datasets/LOC/LOC_combined_8000/LOC_combined_8000.dl,0.0,-0.013812435877431278
gotoDefinition,ALL,d:/work24/souffle-lsp-plugin/gen_datasets/LOC/LOC_combined_8400/LOC_combined_8400.dl,0.0,-0.018527620286418578
gotoDefinition,ALL,d:/work24/souffle-lsp-plugin/gen_datasets/LOC/LOC_combined_8800/LOC_combined_8800.dl,0.25853333333333334,-0.014129665409534406
gotoDefinition,ALL,d:/work24/souffle-lsp-plugin/gen_datasets/LOC/LOC_combined_9200/LOC_combined_9200.dl,0.0,-0.03313459828734866
gotoDefinition,ALL,d:/work24/souffle-lsp-plugin/gen_datasets/LOC/LOC_combined_9600/LOC_combined_9600.dl,0.33313333333333334,-0.027943569580206676
gotoDefinition,ALL,d:/work24/souffle-lsp-plugin/gen_datasets/NOD/NOD_combined_10000/NOD_combined_10000.dl,0.0,0.07615097552217658
gotoDefinition,ALL,d:/work24/souffle-lsp-plugin/gen_datasets/NOD/NOD_combined_100000/NOD_combined_100000.dl,0.0,0.0395542231368256
gotoDefinition,ALL,d:/work24/souffle-lsp-plugin/gen_datasets/NOD/NOD_combined_110000/NOD_combined_110000.dl,0.0,0.031262996729584935
gotoDefinition,ALL,d:/work24/souffle-lsp-plugin/gen_datasets/NOD/NOD_combined_120000/NOD_combined_120000.dl,0.0,0.022668960314427652
gotoDefinition,ALL,d:/work24/souffle-lsp-plugin/gen_datasets/NOD/NOD_combined_130000/NOD_combined_130000.dl,0.0,0.02819163807785926
gotoDefinition,ALL,d:/work24/souffle-lsp-plugin/gen_datasets/NOD/NOD_combined_140000/NOD_combined_140000.dl,0.0,0.0157331691807185
gotoDefinition,ALL,d:/work24/souffle-lsp-plugin/gen_datasets/NOD/NOD_combined_150000/NOD_combined_150000.dl,0.0,0.021702852193931782
gotoDefinition,ALL,d:/work24/souffle-lsp-plugin/gen_datasets/NOD/NOD_combined_160000/NOD_combined_160000.dl,0.0,0.012863683867603906
gotoDefinition,ALL,d:/work24/souffle-lsp-plugin/gen_datasets/NOD/NOD_combined_170000/NOD_combined_170000.dl,0.0,0.005567404629232123
gotoDefinition,ALL,d:/work24/souffle-lsp-plugin/gen_datasets/NOD/NOD_combined_180000/NOD_combined_180000.dl,0.0,0.006850742281831107
gotoDefinition,ALL,d:/work24/souffle-lsp-plugin/gen_datasets/NOD/NOD_combined_190000/NOD_combined_190000.dl,0.0,0.010167232844727384
gotoDefinition,ALL,d:/work24/souffle-lsp-plugin/gen_datasets/NOD/NOD_combined_20000/NOD_combined_20000.dl,0.0,0.07237306018531213
gotoDefinition,ALL,d:/work24/souffle-lsp-plugin/gen_datasets/NOD/NOD_combined_200000/NOD_combined_200000.dl,0.0,-0.0038629641887424765
gotoDefinition,ALL,d:/work24/souffle-lsp-plugin/gen_datasets/NOD/NOD_combined_210000/NOD_combined_210000.dl,0.0,-0.001209771738425472
gotoDefinition,ALL,d:/work24/souffle-lsp-plugin/gen_datasets/NOD/NOD_combined_220000/NOD_combined_220000.dl,0.3337333333333334,-0.013437528248582131
gotoDefinition,ALL,d:/work24/souffle-lsp-plugin/gen_datasets/NOD/NOD_combined_230000/NOD_combined_230000.dl,0.0,-0.013221235385784555
gotoDefinition,ALL,d:/work24/souffle-lsp-plugin/gen_datasets/NOD/NOD_combined_240000/NOD_combined_240000.dl,0.0,-0.017374058351498134
gotoDefinition,ALL,d:/work24/souffle-lsp-plugin/gen_datasets/NOD/NOD_combined_250000/NOD_combined_250000.dl,0.3357666666666667,-0.01614839879564517
gotoDefinition,ALL,d:/work24/souffle-lsp-plugin/gen_datasets/NOD/NOD_combined_30000/NOD_combined_30000.dl,0.0,0.070714814903864
gotoDefinition,ALL,d:/work24/souffle-lsp-plugin/gen_datasets/NOD/NOD_combined_40000/NOD_combined_40000.dl,0.0,0.06460093664878566
gotoDefinition,ALL,d:/work24/souffle-lsp-plugin/gen_datasets/NOD/NOD_combined_50000/NOD_combined_50000.dl,0.0,0.06223613468219876
gotoDefinition,ALL,d:/work24/souffle-lsp-plugin/gen_datasets/NOD/NOD_combined_60000/NOD_combined_60000.dl,0.0,0.05284902443678367
gotoDefinition,ALL,d:/work24/souffle-lsp-plugin/gen_datasets/NOD/NOD_combined_70000/NOD_combined_70000.dl,0.0,0.04892691385805418
gotoDefinition,ALL,d:/work24/souffle-lsp-plugin/gen_datasets/NOD/NOD_combined_80000/NOD_combined_80000.dl,0.0,0.04158737604712288
gotoDefinition,ALL,d:/work24/souffle-lsp-plugin/gen_datasets/NOD/NOD_combined_90000/NOD_combined_90000.dl,0.0,0.048018483834304335
gotoDefinition,ALL,d:/work24/souffle-lsp-plugin/gen_datasets/OCC/OCC_combined_10400/OCC_combined_10400.dl,0.0,0.01550245679373441
gotoDefinition,ALL,d:/work24/souffle-lsp-plugin/gen_datasets/OCC/OCC_combined_11200/OCC_combined_11200.dl,0.0,0.014132601996016389
gotoDefinition,ALL,d:/work24/souffle-lsp-plugin/gen_datasets/OCC/OCC_combined_12000/OCC_combined_12000.dl,0.0,0.006014409879013791
gotoDefinition,ALL,d:/work24/souffle-lsp-plugin/gen_datasets/OCC/OCC_combined_12800/OCC_combined_12800.dl,0.0,0.003721705533359418
gotoDefinition,ALL,d:/work24/souffle-lsp-plugin/gen_datasets/OCC/OCC_combined_13600/OCC_combined_13600.dl,0.0,0.0023806897840144003
gotoDefinition,ALL,d:/work24/souffle-lsp-plugin/gen_datasets/OCC/OCC_combined_14400/OCC_combined_14400.dl,0.0,-0.003343861318028288
gotoDefinition,ALL,d:/work24/souffle-lsp-plugin/gen_datasets/OCC/OCC_combined_15200/OCC_combined_15200.dl,0.0,-0.009126090516816995
gotoDefinition,ALL,d:/work24/souffle-lsp-plugin/gen_datasets/OCC/OCC_combined_1600/OCC_combined_1600.dl,0.0,0.07159440587924083
gotoDefinition,ALL,d:/work24/souffle-lsp-plugin/gen_datasets/OCC/OCC_combined_16000/OCC_combined_16000.dl,0.0,-0.014547831610943057
gotoDefinition,ALL,d:/work24/souffle-lsp-plugin/gen_datasets/OCC/OCC_combined_16800/OCC_combined_16800.dl,0.0,-0.023718648993560562
gotoDefinition,ALL,d:/work24/souffle-lsp-plugin/gen_datasets/OCC/OCC_combined_17600/OCC_combined_17600.dl,0.0,-0.028102184346258233
gotoDefinition,ALL,d:/work24/souffle-lsp-plugin/gen_datasets/OCC/OCC_combined_18400/OCC_combined_18400.dl,0.0,-0.03512449262508642
gotoDefinition,ALL,d:/work24/souffle-lsp-plugin/gen_datasets/OCC/OCC_combined_19200/OCC_combined_19200.dl,0.0,-0.03821027080099859
gotoDefinition,ALL,d:/work24/souffle-lsp-plugin/gen_datasets/OCC/OCC_combined_20000/OCC_combined_20000.dl,0.0,-0.0384842417605422
gotoDefinition,ALL,d:/work24/souffle-lsp-plugin/gen_datasets/OCC/OCC_combined_2400/OCC_combined_2400.dl,0.0,0.0672829681474757
gotoDefinition,ALL,d:/work24/souffle-lsp-plugin/gen_datasets/OCC/OCC_combined_3200/OCC_combined_3200.dl,0.0,0.06132770465844892
gotoDefinition,ALL,d:/work24/souffle-lsp-plugin/gen_datasets/OCC/OCC_combined_4000/OCC_combined_4000.dl,0.0,0.05561757308059273
gotoDefinition,ALL,d:/work24/souffle-lsp-plugin/gen_datasets/OCC/OCC_combined_4800/OCC_combined_4800.dl,0.0,0.05283460491259717
gotoDefinition,ALL,d:/work24/souffle-lsp-plugin/gen_datasets/OCC/OCC_combined_5600/OCC_combined_5600.dl,0.0,0.04238044987738068
gotoDefinition,ALL,d:/work24/souffle-lsp-plugin/gen_datasets/OCC/OCC_combined_6400/OCC_combined_6400.dl,0.0,0.04272651845785681
gotoDefinition,ALL,d:/work24/souffle-lsp-plugin/gen_datasets/OCC/OCC_combined_7200/OCC_combined_7200.dl,0.0,0.0364107668641674
gotoDefinition,ALL,d:/work24/souffle-lsp-plugin/gen_datasets/OCC/OCC_combined_800/OCC_combined_800.dl,0.0,0.07479554024864506
gotoDefinition,ALL,d:/work24/souffle-lsp-plugin/gen_datasets/OCC/OCC_combined_8000/OCC_combined_8000.dl,0.0,0.029201004770914647
gotoDefinition,ALL,d:/work24/souffle-lsp-plugin/gen_datasets/OCC/OCC_combined_8800/OCC_combined_8800.dl,0.0,0.026187324215934997
gotoDefinition,ALL,d:/work24/souffle-lsp-plugin/gen_datasets/OCC/OCC_combined_9600/OCC_combined_9600.dl,0.0,0.016482984438416795
gotoDefinition,ALL,d:/work24/souffle-lsp-plugin/gen_datasets/DEF/DEF_combined_100/DEF_combined_100.dl,0.0,0.0754299993128513
gotoDefinition,ALL,d:/work24/souffle-lsp-plugin/gen_datasets/DEF/DEF_combined_1000/DEF_combined_1000.dl,0.0,0.03887650550005984
gotoDefinition,ALL,d:/work24/souffle-lsp-plugin/gen_datasets/DEF/DEF_combined_1100/DEF_combined_1100.dl,0.0,0.03593492256601272
gotoDefinition,ALL,d:/work24/souffle-lsp-plugin/gen_datasets/DEF/DEF_combined_1200/DEF_combined_1200.dl,0.0,0.034723682534346254
gotoDefinition,ALL,d:/work24/souffle-lsp-plugin/gen_datasets/DEF/DEF_combined_1300/DEF_combined_1300.dl,0.0,0.033685476792917855
gotoDefinition,ALL,d:/work24/souffle-lsp-plugin/gen_datasets/DEF/DEF_combined_1400/DEF_combined_1400.dl,0.0,0.03391618917990195
gotoDefinition,ALL,d:/work24/souffle-lsp-plugin/gen_datasets/DEF/DEF_combined_1500/DEF_combined_1500.dl,0.0,0.015992720616075595
gotoDefinition,ALL,d:/work24/souffle-lsp-plugin/gen_datasets/DEF/DEF_combined_1600/DEF_combined_1600.dl,0.0,0.021702852193931782
gotoDefinition,ALL,d:/work24/souffle-lsp-plugin/gen_datasets/DEF/DEF_combined_1700/DEF_combined_1700.dl,0.0,0.010484462376830497
gotoDefinition,ALL,d:/work24/souffle-lsp-plugin/gen_datasets/DEF/DEF_combined_1800/DEF_combined_1800.dl,0.0,0.012575293383873795
gotoDefinition,ALL,d:/work24/souffle-lsp-plugin/gen_datasets/DEF/DEF_combined_1900/DEF_combined_1900.dl,0.0,0.005870214637148735
gotoDefinition,ALL,d:/work24/souffle-lsp-plugin/gen_datasets/DEF/DEF_combined_200/DEF_combined_200.dl,0.0,0.07081575157316954
gotoDefinition,ALL,d:/work24/souffle-lsp-plugin/gen_datasets/DEF/DEF_combined_2000/DEF_combined_2000.dl,0.0,-0.0062133466311428825
gotoDefinition,ALL,d:/work24/souffle-lsp-plugin/gen_datasets/DEF/DEF_combined_2100/DEF_combined_2100.dl,0.0,-0.009544256718225647
gotoDefinition,ALL,d:/work24/souffle-lsp-plugin/gen_datasets/DEF/DEF_combined_2200/DEF_combined_2200.dl,0.0,-0.0013972255528500455
gotoDefinition,ALL,d:/work24/souffle-lsp-plugin/gen_datasets/DEF/DEF_combined_2300/DEF_combined_2300.dl,0.0,-0.017316380254752115
gotoDefinition,ALL,d:/work24/souffle-lsp-plugin/gen_datasets/DEF/DEF_combined_2400/DEF_combined_2400.dl,0.0,-0.01164950724945546
gotoDefinition,ALL,d:/work24/souffle-lsp-plugin/gen_datasets/DEF/DEF_combined_2500/DEF_combined_2500.dl,0.0,-0.012572356797391812
gotoDefinition,ALL,d:/work24/souffle-lsp-plugin/gen_datasets/DEF/DEF_combined_300/DEF_combined_300.dl,0.0,0.06640337717209885
gotoDefinition,ALL,d:/work24/souffle-lsp-plugin/gen_datasets/DEF/DEF_combined_400/DEF_combined_400.dl,0.0,0.061082572747278324
gotoDefinition,ALL,d:/work24/souffle-lsp-plugin/gen_datasets/DEF/DEF_combined_500/DEF_combined_500.dl,0.0,0.061717031811484566
gotoDefinition,ALL,d:/work24/souffle-lsp-plugin/gen_datasets/DEF/DEF_combined_600/DEF_combined_600.dl,0.0,0.059049419836981046
gotoDefinition,ALL,d:/work24/souffle-lsp-plugin/gen_datasets/DEF/DEF_combined_700/DEF_combined_700.dl,0.0,0.049330660535276336
gotoDefinition,ALL,d:/work24/souffle-lsp-plugin/gen_datasets/DEF/DEF_combined_800/DEF_combined_800.dl,0.0,0.05005163674460161
gotoDefinition,ALL,d:/work24/souffle-lsp-plugin/gen_datasets/DEF/DEF_combined_900/DEF_combined_900.dl,0.0,0.044701993271408065
